a4,a16,a17,a20,a21,a22,a23,a24,a25,a26,a27,a28,a29,a30,a31,a32,a33,a34,a35,a36,a37,a38,a2,a3,a5,a7,a8,a10,a11,a13,a14,a15,a18,a19,label
25503,821,2,1911,55,46,0.200,17,78,0.750,20,13.100,1700,50.500,36.400,0,0,2.500,1,34,40,105,X126,TVGUIDE,YES,YES,BENTON,UNCOATED,UNCOATED,LINE,YES,MOTTER94,TABLOID,NORTHUS,0
25503,821,2,,55,46,0.300,15,80,0.750,20,6.600,1900,54.900,38.500,0,0,2.500,0.700,34,40,105,X266,TVGUIDE,YES,YES,BENTON,UNCOATED,UNCOATED,LINE,YES,MOTTER94,TABLOID,NORTHUS,1
47201,815,9,,62,40,0.433,16,80,,30,6.500,1850,53.800,39.800,0,0,2.800,0.900,40,40,103.870,B7,MODMAT,YES,YES,BENTON,UNCOATED,COATED,LINE,YES,WOODHOE70,CATALOG,NORTHUS,1
39039,816,9,1910,52,40,0.300,16,75,0.312,30,5.600,1467,55.600,38.800,0,0,2.500,1.300,40,40,108.060,T133,MASSEY,YES,YES,BENTON,UNCOATED,UNCOATED,LINE,YES,WOODHOE70,CATALOG,NORTHUS,1
37351,816,2,1910,50,46,0.300,17,80,0.750,30,0,2100,57.500,42.500,5,0,2.300,0.600,35,40,106.670,J34,KMART,NO,YES,BENTON,UNCOATED,COATED,LINE,YES,WOODHOE70,TABLOID,,1
38039,816,2,1910,50,40,0.267,16.800,76,0.438,28,8.600,1467,53.800,37.600,5,0,2.500,0.800,40,40,103.870,T218,MASSEY,YES,YES,BENTON,UNCOATED,UNCOATED,LINE,YES,WOODHOE70,CATALOG,NORTHUS,1
35751,827,2,1911,50,46,0.300,16.500,75,0.750,30,0,2600,62.500,37.500,6,0,2.500,0.600,30,40,106.670,X249,ROSES,NO,YES,BENTON,COATED,COATED,LINE,YES,MOTTER94,TABLOID,CANADIAN,1
35751,827,9,1911,50,46,0.200,16.500,75,0.750,28,0,2600,62.500,37.500,6,0,2.500,1.100,30,40,106.670,X788,ROSES,NO,YES,BENTON,COATED,COATED,LINE,YES,MOTTER94,TABLOID,CANADIAN,1
47201,802,7,1910,50,45,0.367,12,70,0.750,60,0,1650,60.200,39.800,1.500,0,3,1,40,40,103.220,M372,MODMAT,YES,YES,BENTON,UNCOATED,UNCOATED,XYLOL,YES,ALBERT70,CATALOG,NORTHUS,0
37000,815,2,1911,65,43,0.333,16,75,1,32,22.700,1750,45.500,31.800,0,0,3,1,38,40,106.660,I320,CHILDCRAFT,YES,YES,BENTON,UNCOATED,UNCOATED,LINE,YES,WOODHOE70,CATALOG,NORTHUS,1
37000,815,9,1910,65,43,0.200,16,68,0.750,30,15.500,1750,48.500,35.900,0,0,3,1,38,40,106.600,I337,CHILDCRAFT,YES,YES,BENTON,UNCOATED,UNCOATED,LINE,YES,WOODHOE70,CATALOG,NORTHUS,1
35539,821,2,1911,50,50,0.367,14,80,0.750,40,10.500,1700,52.600,36.800,0,0,2.500,1,38,40,105,X352,HANOVRHOUSE,YES,YES,BENTON,UNCOATED,UNCOATED,LINE,YES,MOTTER94,TABLOID,NORTHUS,0
35539,821,7,1911,50,50,0.300,15,70,1,30,10,1600,50,40,0,0,2.800,1,38,40,106.660,X67,HANOVRHOUS,YES,YES,BENTON,UNCOATED,UNCOATED,LINE,YES,MOTTER94,TABLOID,NORTHUS,0
23052,821,7,1911,40,45,0.300,14.500,70,0.625,25,0,1500,59.500,40.500,0,0,2,1,40,40,100,X817,GUIDEPOSTS,YES,YES,BENTON,UNCOATED,UNCOATED,LINE,YES,MOTTER94,TABLOID,NORTHUS,0
35539,821,2,1911,50,43,0.267,16,75,1,20,15.800,1600,49.500,34.700,0,0,2.500,1,38,40,103.220,X273,HANOVRHOUS,YES,YES,BENTON,UNCOATED,UNCOATED,LINE,YES,MOTTER94,TABLOID,NORTHUS,1
47201,813,9,1911,,45,0.233,15,87,1,,0,1400,62.500,37.500,0,0,2.500,1,40,40,103.220,F108,MODMAT,,YES,BENTON,COATED,COATED,LINE,NO,MOTTER70,CATALOG,NORTHUS,0
38064,813,5,1911,30,45,0.200,14,65,,,0,1600,62.500,37.500,0,0,2.500,0.800,33,40,100,F237,HOMESHOP,NO,YES,BENTON,COATED,COATED,LINE,NO,MOTTER70,CATALOG,CANADIAN,1
38064,813,1,1911,30,45,0.200,15.500,65,,,5.900,1600,58.800,35.300,0,0,2.500,1.800,33,40,100,F267,HOMESHOP,NO,YES,BENTON,COATED,COATED,LINE,NO,MOTTER70,CATALOG,CANADIAN,1
35521,813,5,1910,60,38,0.267,16.400,64,0.750,,11,1400,54.900,34.100,0,0,2.500,1,32,40,103.220,S21,USCAV,YES,YES,BENTON,UNCOATED,UNCOATED,LINE,YES,MOTTER70,CATALOG,CANADIAN,1
35521,813,1,1911,60,38,0.333,16.500,66,0.750,,6.700,1400,56.200,37.100,0,0,1.100,1.400,32,40,103.220,F492,USCAV,YES,YES,BENTON,UNCOATED,UNCOATED,LINE,YES,MOTTER70,CATALOG,CANADIAN,1
37571,824,2,1911,50,45,0.233,16,70,0.812,30,0,2400,58.800,41.200,0,0,1.700,1,30,40,107.400,X799,COLORTIL,NO,YES,BENTON,COATED,COATED,NAPTHA,NO,MOTTER94,TABLOID,CANADIAN,1
35751,824,9,1911,40,45,0.200,15,76,0.812,30,0,2400,62.500,37.500,0,0,1,1,30,40,107.400,X823,COLORTIL,NO,YES,BENTON,COATED,COATED,NAPTHA,YES,MOTTER94,TABLOID,CANADIAN,1
37340,824,2,1911,30,43,0.200,16.300,70,0.812,25,1.200,2200,58.100,40.700,4,0,2,1,30,40,96.875,X163,WARDS,NO,YES,BENTON,COATED,COATED,LINE,YES,MOTTER94,TABLOID,CANADIAN,1
35816,827,2,1911,40,41,0.200,15.800,72,1,30,0,2000,62.500,37.500,0,0,2.500,1,30,40,107.400,O4,TARGET,NO,YES,BENTON,COATED,COATED,LINE,YES,MOTTER94,SPIEGEL,CANADIAN,0
37352,827,9,1911,40,42,0.200,14.500,74,1,25,8,2100,57.500,34.500,0,0,2.300,0.700,35,40,107.400,E84,KMART,NO,YES,BENTON,COATED,COATED,LINE,YES,MOTTER94,TABLOID,SCANDANAVIAN,0
37352,827,9,1911,45,42,0.200,14,70,1,20,8,1850,57.500,34.500,0,0,2,0.700,35,40,107.400,E81,KMART,NO,YES,BENTON,COATED,COATED,LINE,YES,MOTTER94,TABLOID,SCANDANAVIAN,0
37352,827,9,1911,50,45,0.300,15,76,1,30,8,2150,57.500,34.500,0,0,2.500,1,35,40,107.400,E72,KMART,NO,YES,BENTON,UNCOATED,COATED,LINE,YES,MOTTER94,TABLOID,SCANDANAVIAN,1
37352,827,2,1911,50,45,0.300,15.200,72,1,25,5.900,2150,58.800,35.300,0,0,2.500,1,35,40,107.400,E310,KMART,NO,YES,BENTON,UNCOATED,COATED,LINE,YES,MOTTER94,TABLOID,SCANDANAVIAN,1
37080,828,2,1911,35,42,,15,75,0.750,30,0,2100,58.800,41.200,0,0,2,0.800,30,40,107.400,X29,WOOLWORTH,NO,YES,BENTON,COATED,COATED,LINE,NO,MOTTER94,TABLOID,CANADIAN,0
37157,828,2,1910,30,45,0.233,17,70,0.750,35,0,2200,58.800,41.200,0,0,2.500,1,33,40,106.450,X292,AMES,NO,YES,BENTON,COATED,COATED,LINE,NO,MOTTER94,TABLOID,CANADIAN,0
37352,815,2,1911,37.500,44,0.200,16,90,0.750,28,20,2050,45,35,0,0,2.400,0.800,35,40,107.400,J9,KMART,NO,YES,BENTON,UNCOATED,COATED,LINE,YES,WOODHOE70,TABLOID,NORTHUS,1
37352,815,9,1911,37.500,44,0.200,16.500,91,0.750,30,21.700,2050,43.500,34.800,0,0,2.700,0.800,35,40,107.400,J582,KMART,NO,YES,BENTON,UNCOATED,COATED,LINE,YES,WOODHOE70,TABLOID,NORTHUS,1
25507,821,2,1911,45,44,0.267,14.100,78,0.625,22,7.600,1510,54.300,38,0,0,2.500,0.700,34,40,114.280,X141,TVGUIDE,YES,YES,BENTON,UNCOATED,UNCOATED,LINE,YES,MOTTER94,TABLOID,,1
25507,821,7,1910,40,44,0.200,14,69,0.625,20,8.500,1510,53.200,38.300,2,0,2.500,0.900,34,40,110,X818,TVGUIDE,YES,YES,BENTON,UNCOATED,UNCOATED,LINE,YES,MOTTER94,TABLOID,,1
37080,828,2,1911,40,47,0.333,17,78,0.750,35,0,2400,58.800,41.200,4,0,2.500,1,30,40,100,V376,WOOLWRTH,NO,YES,BENTON,COATED,COATED,LINE,NO,MOTTER94,TABLOID,,0
27490,813,1,1911,30,42,0.200,15.400,64,0.875,,0,1425,63,37,0,0,1,1.300,34,40,107.400,M254,ABBYPRESS,NO,YES,BENTON,COATED,COATED,LINE,YES,MOTTER70,CATALOG,,1
35811,815,2,1910,45,38,,15,80,0.625,30,7,1600,58.100,34.900,0,0,2.500,1.500,30,40,103.220,R5,TARGET,NO,YES,BENTON,COATED,COATED,LINE,YES,WOODHOE70,SPIEGEL,CANADIAN,0
35334,816,2,1911,40,43,0.267,16,96,1,28,0,1500,58.800,41.200,2,0,3,0.800,40,40,103.120,J33,BELKS,YES,YES,BENTON,UNCOATED,UNCOATED,LINE,YES,WOODHOE70,TABLOID,,1
35334,816,9,1911,32.500,43,0.200,15,82,1,31,7.600,1500,54.300,38,4,0,2.500,1,40,40,103.120,J43,BELKS,YES,YES,BENTON,UNCOATED,UNCOATED,LINE,YES,WOODHOE70,TABLOID,NORTHUS,1
37869,815,9,1911,37.500,44,0.300,15,85,0.750,34,0,1400,62.500,37.500,0,0,2.800,1,28,40,103.120,I357,SEARS,NO,YES,BENTON,UNCOATED,COATED,LINE,YES,WOODHOE70,CATALOG,NORTHUS,1
37869,815,2,1910,35,44,0.300,16,80,1,32,7,1400,58.100,34.900,0,0,3,1,28,40,103.120,I353,SEARS,NO,YES,BENTON,UNCOATED,COATED,LINE,YES,WOODHOE70,CATALOG,NORTHUS,1
27490,813,1,1911,30,42,0.200,15.400,64,0.875,,0,1425,61.700,38.300,0,0,1,1.300,34,40,107.400,M254,ABBYPRESS,NO,YES,BENTON,COATED,COATED,LINE,YES,MOTTER70,CATALOG,NORTHUS,1
35752,824,9,1910,50,43,0.200,16,82,0.875,30,0,2270,55.600,44.400,12,0,2,1,30,40,103.220,X291,ROSES,NO,YES,BENTON,COATED,COATED,LINE,YES,MOTTER94,TABLOID,CANADIAN,1
35752,824,2,1910,50,43,0.300,16.300,80,0.812,30,0,2270,55.600,44.400,12,0,1.500,1.500,30,40,103.220,X129,ROSES,NO,YES,BENTON,COATED,COATED,LINE,YES,MOTTER94,TABLOID,CANADIAN,1
35794,827,2,1911,60,43,0.267,15.800,57,0.750,24,1.200,1480,58.100,40.700,0,0,1.400,1.700,33,40,103.120,X297,JCPENNY,NO,YES,BENTON,UNCOATED,COATED,LINE,YES,MOTTER94,TABLOID,NORTHUS,1
35794,827,9,1911,52.500,43,0.233,16.600,58,0.750,20,7.900,1480,56.200,36,0,0,1.700,0.700,33,40,103.120,X146,JCPENNY,NO,YES,BENTON,UNCOATED,COATED,LINE,YES,MOTTER94,TABLOID,NORTHUS,1
35752,824,2,1910,50,43,0.300,17,87,0.812,35,0,2300,58.800,41.200,0,0,1.300,0.700,30,40,103.220,X129,ROSES,NO,YES,BENTON,COATED,COATED,LINE,YES,MOTTER94,TABLOID,,1
37441,821,2,1911,25,38,0.200,13,75,0.625,25,0,1600,57.500,42.500,0,0,2.500,0.850,30,40,103.120,E303,CENPURCH,NO,YES,BENTON,COATED,COATED,LINE,YES,MOTTER94,TABLOID,CANADIAN,1
37441,821,7,1911,25,38,0.233,14,70,0.625,25,0,1600,58.800,41.200,5,0,1.700,0.900,30,40,103.120,E68,CENPURCH,NO,YES,BENTON,COATED,COATED,LINE,YES,MOTTER94,TABLOID,CANADIAN,1
37354,816,9,1911,40,46,0.333,15.900,78,0.500,34,2.400,2000,61,36.600,0,0,2.400,1.300,35,40,103.220,J42,KMART,NO,YES,BENTON,UNCOATED,UNCOATED,LINE,YES,WOODHOE70,TABLOID,SCANDANAVIAN,1
35335,827,2,1911,45,41,0.333,17,78,0.750,16,14.100,1100,50.500,35.400,0,0,2.500,1,50,40,96.970,X53,BELK,YES,YES,BENTON,UNCOATED,UNCOATED,LINE,YES,MOTTER94,TABLOID,NORTHUS,0
37335,827,2,1911,47.500,41,0.233,16.500,72,0.750,20,14.100,1300,50.500,35.400,4,0,2.500,1,50,40,96.970,X821,BELK,YES,YES,BENTON,UNCOATED,UNCOATED,LINE,YES,MOTTER94,TABLOID,NORTHUS,0
35870,824,2,1910,40,46,0.200,15,68,0.750,28,0,1700,58.800,41.200,0,0,1,1,33,40,103.220,X118,TOYSRUS,NO,NO,BENTON,COATED,COATED,LINE,NO,MOTTER94,TABLOID,CANADIAN,1
35870,824,9,1911,40,46,0.267,16.500,68,0.875,25,0,1700,58.800,41.200,0,0,1,1,33,40,103.125,X826,TOYSRUS,NO,NO,BENTON,COATED,COATED,LINE,NO,MOTTER94,TABLOID,CANADIAN,1
35811,815,9,1911,40,35,0.233,18,85,0.625,30,0,2000,62.500,37.500,0,0,2.500,0.900,30,40,103.125,R23,TARGET,NO,YES,BENTON,COATED,COATED,LINE,YES,WOODHOE70,SPIEGEL,CANADIAN,1
35752,824,9,1910,50,43,0.200,17,84,,35,0,2300,55.600,44.400,0,0,2,0.800,30,40,103.220,X291,ROSES,NO,YES,BENTON,COATED,COATED,LINE,YES,MOTTER94,TABLOID,CANADIAN,1
37869,802,7,1911,35,38,0.400,12,62,0.750,46,4.700,1400,58.800,36.500,0,0,2,1,28,40,103.125,I354,SEARS,NO,YES,BENTON,UNCOATED,COATED,LINE,YES,ALBERT70,CATALOG,NORTHUS,1
37869,802,2,1911,35,38,0.433,16,70,0.750,50,0,1400,62.500,37.500,0,0,2.800,1.500,28,40,103.125,I358,SEARS,NO,YES,BENTON,UNCOATED,COATED,LINE,YES,ALBERT70,CATALOG,NORTHUS,1
25509,821,7,1911,50,46,0.200,14.600,60,0.625,25,10.500,1750,52.600,36.800,2,0,2.400,0.800,28,40,96.970,X760,TVGUIDE,YES,YES,BENTON,UNCOATED,UNCOATED,LINE,YES,MOTTER94,TABLOID,NORTHUS,0
37386,827,2,1910,40,47,0.333,24.500,78,0.875,30,8.800,2100,54.900,36.300,16,0,2.300,1,40,40,100,E26,KMART,YES,YES,BENTON,UNCOATED,UNCOATED,LINE,YES,MOTTER94,TABLOID,SOUTHUS,0
37386,827,9,,40,47,0.350,14.430,76,0.750,16,7.200,2000,51.500,41.200,1,0,2.700,1.400,40,40,100,E84,KMART,YES,YES,BENTON,UNCOATED,UNCOATED,LINE,NO,MOTTER94,TABLOID,SOUTHUS,0
37386,827,2,1910,40,39,0.233,15,77,0.750,20,9.400,2000,52.100,38.500,0,0,2.500,1,40,40,103.220,E69,KMART,YES,YES,BENTON,UNCOATED,UNCOATED,LINE,YES,MOTTER94,TABLOID,SOUTHUS,1
37386,827,9,1910,40,39,0.200,15,79,0.750,20,11.800,2000,49,39.200,0,0,2.500,1,40,40,103.220,E77,KMART,YES,YES,BENTON,UNCOATED,UNCOATED,LINE,YES,MOTTER94,TABLOID,SOUTHUS,1
37386,827,2,1911,,43,0.267,14.200,68,0.750,18,0,2000,62.500,37.500,0,0,2.500,1.200,40,40,106.450,E83,KMART,,YES,BENTON,UNCOATED,UNCOATED,LINE,YES,MOTTER94,TABLOID,SOUTHUS,0
37386,827,2,1910,,48,0.233,14,80,0.750,30,0,2000,62.500,37.500,0,0,,,40,40,109.670,E67,KMART,,YES,BENTON,UNCOATED,UNCOATED,LINE,YES,MOTTER94,TABLOID,SOUTHUS,0
27386,827,2,1911,,40,0.267,16.400,72,1,26,0,2000,62.500,37.500,0,0,2.500,1,40,40,106.450,E83,KMART,,YES,BENTON,UNCOATED,UNCOATED,LINE,NO,MOTTER94,TABLOID,SOUTHUS,0
37386,824,9,1911,40,40,0.350,18.500,85,0.562,30,0,1900,62.500,37.500,4,0,1.800,1.400,40,40,106.450,X791,KMART,YES,YES,BENTON,UNCOATED,UNCOATED,LINE,YES,MOTTER94,TABLOID,SOUTHUS,0
37254,821,7,1911,42.500,41,0.300,14,70,0.625,20,2.300,1750,57.500,40,4,0,2.500,0.700,35,40,96.970,E90,KMART,NO,YES,BENTON,UNCOATED,COATED,LINE,YES,MOTTER94,TABLOID,,1
35457,828,9,1910,35,39,0.200,16.200,84,1,30,0,2100,62.500,37.500,4,0,2,0.900,30,40,94.117,X271,ECKERD,NO,YES,BENTON,COATED,COATED,LINE,YES,MOTTER94,TABLOID,CANADIAN,1
47202,813,9,1910,35,45,0.300,14.100,65,1,,0,1500,59.500,40.500,0,0,2.600,1,40,40,109.670,F308,MODMAT,NO,YES,BENTON,COATED,UNCOATED,LINE,YES,MOTTER70,CATALOG,NORTHUS,1
47202,802,2,1910,50,43,0.333,14.020,68,0.750,56,7.400,1800,53.200,39.400,0,0.500,3,1.300,40,40,109.670,T281,MODMAT,NO,YES,BENTON,UNCOATED,UNCOATED,XYLOL,YES,ALBERT70,CATALOG,NORTHUS,1
47202,816,2,1910,67.500,45,0.200,15.500,80,0.500,34,16.300,1683,43.500,40.200,6,0,2.500,1,40,40,109.670,F067,MODMAT,NO,YES,BENTON,UNCOATED,UNCOATED,LINE,YES,WOODHOE70,CATALOG,NORTHUS,1
37163,821,2,1910,55,37,0.267,16,75,0.625,20,5.600,1850,55.600,38.900,0,0,0.800,0.750,33,40,109.670,X405,AMES,NO,YES,BENTON,COATED,COATED,LINE,YES,MOTTER94,TABLOID,CANADIAN,1
37354,821,2,1911,42.500,41,0.200,14,80,0.625,20,7.400,1750,53.200,39.400,0,0,2.100,0.900,35,40,96.970,E91,KMART,NO,YES,BENTON,UNCOATED,COATED,LINE,YES,MOTTER94,TABLOID,,1
47202,813,1,1910,52.500,45,0.200,15.300,72,0.750,,12.400,1600,51.500,36.100,0,0,2.500,1,40,40,109.670,F615,MODMAT,YES,YES,BENTON,UNCOATED,UNCOATED,LINE,YES,MOTTER70,CATALOG,NORTHUS,1
47202,813,10,1910,35,45,0.200,15.200,63,1,,0,1500,59.500,40.500,0,0,2.300,0.900,40,40,109.670,F510,MODMAT,NO,YES,BENTON,COATED,UNCOATED,LINE,YES,MOTTER70,CATALOG,NORTHUS,1
47202,813,5,1910,52.500,45,0.233,16,68,0.750,,0,1600,58.800,41.200,4,0,2.300,0.800,40,40,109.670,F670,MODMAT,YES,YES,BENTON,UNCOATED,UNCOATED,LINE,YES,MOTTER70,CATALOG,NORTHUS,1
37355,816,9,1910,49,43,0.350,14.500,74,0.750,23,9.100,1900,56.800,34.100,2,0,0.700,0.200,35,40,103.220,E310,KMART,NO,YES,BENTON,UNCOATED,COATED,LINE,YES,WOODHOE70,TABLOID,,0
47202,813,5,1910,52.500,37,0.233,14,73,0.750,,9.600,1600,53.200,37.200,0,0,2.300,1,40,40,109.670,F670,MODMAT,YES,YES,BENTON,UNCOATED,UNCOATED,LINE,YES,MOTTER70,CATALOG,NORTHUS,1
47202,813,9,1910,52.500,43,0.267,15.100,76,0.500,31,6.600,1650,54.900,38.500,0,0,2.500,1.500,40,40,109.670,M402,MODMAT,YES,YES,BENTON,UNCOATED,UNCOATED,LINE,YES,MOTTER70,CATALOG,NORTHUS,1
37355,828,9,1910,40,44,0.200,16.100,78,0.938,30,5.600,1800,55.600,38.900,0,0,2,1,35,40,103.220,X18,KMART,NO,YES,BENTON,UNCOATED,COATED,LINE,YES,MOTTER94,TABLOID,SCANDANAVIAN,1
47202,813,1,,52.500,37,0.200,15,66,0.750,,13.300,1600,55.600,42.200,0,0,2.400,0.800,40,40,100,F615,MODMAT,YES,YES,BENTON,UNCOATED,UNCOATED,LINE,YES,MOTTER70,CATALOG,NORTHUS,1
37355,827,2,1910,40,43,0.350,16.500,72,0.625,20,9.100,2000,56.800,34.100,4,0,2.500,0.500,35,40,103.220,F310,KMART,NO,YES,BENTON,UNCOATED,COATED,LINE,YES,MOTTER94,TABLOID,,1
37355,827,9,1910,40,43,0.350,16.100,70,0.625,20,11.100,2000,55.600,33.300,4,0,1.800,0.900,35,40,103.220,F72,KMART,NO,YES,BENTON,UNCOATED,COATED,LINE,YES,MOTTER94,TABLOID,,1
35753,824,9,1910,40,43,0.267,16,80,0.562,30,5.600,1900,55.600,38.900,0,0,2.200,1.300,30,40,103.220,X308,ROSES,NO,YES,BENTON,COATED,COATED,LINE,YES,MOTTER94,TABLOID,CANADIAN,1
25513,821,7,1911,45,45,,14.700,75,0.625,30,15,1734,50,35,2,0,1.500,0.600,34,40,103.220,X720,TVGUIDE,YES,YES,BENTON,UNCOATED,UNCOATED,LINE,YES,MOTTER94,TABLOID,NORTHUS,0
38051,816,2,,60,49,0.333,14.900,77,0.750,27,0,1650,58.800,41.200,0,0,2.500,0.700,33,40,103.330,G404,JCP,NO,YES,BENTON,UNCOATED,COATED,LINE,YES,WOODHOE70,TABLOID,,1
25514,821,7,1910,55,49,0.267,12.500,70,0.625,30,5.600,1750,55.600,38.900,0,0,2.500,0.900,34,40,106.660,X798,TVGUIDE,YES,YES,BENTON,UNCOATED,UNCOATED,LINE,NO,MOTTER94,TABLOID,,0
25513,821,2,1911,45,45,,15.100,75,0.625,20,15,1750,50,35,0,0,1.600,0.900,34,40,103.220,X160,TVGUIDE,YES,YES,BENTON,UNCOATED,UNCOATED,LINE,YES,MOTTER94,TABLOID,,1
38051,816,9,1910,55,49,0.200,15.600,74,0.750,24,0,1650,58.800,41.200,0,0,2.500,1.700,33,40,103.330,G416,JCP,NO,YES,BENTON,UNCOATED,COATED,LINE,YES,WOODHOE70,TABLOID,,1
37355,828,2,1911,40,49,0.233,15.300,74,1,34,0,2000,62.500,37.500,0,0,2.200,1,35,40,100,X350,KMART,NO,YES,BENTON,COATED,COATED,LINE,YES,MOTTER94,TABLOID,,1
37355,828,9,1911,40,49,0.233,16.800,78,0.938,30,0,2000,62.500,37.500,0,0,2.400,0.900,35,40,100,X264,KMART,NO,YES,BENTON,COATED,COATED,LINE,YES,MOTTER94,TABLOID,,1
25515,821,7,1911,42.500,46,0.300,14,77,0.625,42,15.800,1850,49.500,34.600,8,0,1.500,0.800,34,40,100,X838,TVGUIDE,YES,YES,BENTON,UNCOATED,UNCOATED,LINE,YES,MOTTER94,TABLOID,NORTHUS,0
37081,828,1,1911,35,44,0.200,15.500,100,0.875,30,0,2200,53.200,46.800,0,0,0,0,30,40,100,X89,WOOLWORTH,NO,NO,BENTON,COATED,COATED,LINE,YES,MOTTER94,TABLOID,CANADIAN,0
35534,827,2,1910,42,44,0.300,15,80,1.250,20,16.700,1300,49,34.300,0,0,2.500,0.200,40,40,110,X102,BELK,YES,YES,BENTON,UNCOATED,UNCOATED,LINE,NO,MOTTER94,TABLOID,NORTHUS,1
35534,827,9,1910,45,44,0.300,15.500,75,1.250,20,14.100,1300,50.500,35.400,0,0,2.500,1.500,40,40,110,X830,BELK,YES,YES,BENTON,UNCOATED,UNCOATED,LINE,NO,MOTTER94,TABLOID,NORTHUS,1
35754,824,2,1910,50,43,0.300,16,70,0.812,30,3.400,2400,56.800,39.800,0,0,2.500,0.800,30,40,103.125,X118,ROSES,NO,YES,BENTON,COATED,COATED,LINE,YES,MOTTER94,TABLOID,CANADIAN,1
35754,824,9,1910,47,43,0.267,16,80,0.562,30,9.100,2400,50.500,40.400,0,0,2.500,1.100,30,40,103.125,X35,ROSES,NO,YES,BENTON,COATED,COATED,LINE,YES,MOTTER94,TABLOID,CANADIAN,1
37572,824,2,1911,35,48,0.233,16,76,0.812,30,8.900,1900,49.500,41.600,0,0,2.500,1.200,30,40,103.220,X390,COLORTILE,NO,YES,BENTON,COATED,COATED,LINE,YES,MOTTER94,TABLOID,CANADIAN,1
37572,824,9,1911,35,48,0.233,16,86,0.562,30,16.100,1900,44.600,39.300,0,0,2.500,1.500,30,40,103.220,X754,COLORTILE,NO,YES,BENTON,COATED,COATED,LINE,YES,MOTTER94,TABLOID,CANADIAN,1
35814,827,2,1911,35,43,0.233,14,75,1.250,20,7.600,,54.300,38,0,0,2.500,2,33,40,106.660,O2,TARGET,NO,YES,BENTON,UNCOATED,COATED,LINE,YES,MOTTER94,SPIEGEL,CANADIAN,1
35814,827,9,1911,37.500,43,0.233,14,80,1.250,20,6.250,,52.100,41.700,0,0,3,1.500,33,40,106.660,3,TARGET,NO,YES,BENTON,UNCOATED,COATED,LINE,YES,MOTTER94,SPIEGEL,CANADIAN,1
37822,813,1,1910,40,44,0.200,15,68,0.750,,0,1750,58.800,41.200,0,0,2.700,0.700,35,40,103.125,F103,BESTPROD,NO,YES,BENTON,UNCOATED,COATED,LINE,YES,MOTTER70,CATALOG,NORTHUS,1
37822,813,5,1910,40,44,0.233,15.500,68,0.750,,5.600,1750,55.600,38.900,0,0,1.500,0.500,35,40,103.125,S180,BESTPROD,NO,YES,BENTON,UNCOATED,COATED,LINE,YES,MOTTER70,CATALOG,NORTHUS,1
35816,827,2,1910,47.500,68,0.400,14,78,0.750,22,0,1900,62.500,37.500,0,0,2.100,1.700,33,40,103.125,O8,TARGET,NO,YES,BENTON,COATED,COATED,LINE,YES,MOTTER94,SPIEGEL,CANADIAN,0
35458,816,2,1910,40,60,0.233,15,78,1,28,0,2380,60,40,3,0,2.500,1,30,40,106.660,G608,ECKERD,NO,YES,BENTON,COATED,COATED,LINE,NO,WOODHOE70,TABLOID,CANADIAN,0
47203,813,9,1910,55,55,0.300,16.300,100,1,,0,1650,58.800,41.200,0,0,,,40,40,106.660,F416,MODMAT,YES,YES,BENTON,COATED,COATED,LINE,NO,MOTTER70,CATALOG,NORTHUS,0
35816,815,2,1910,40,55,0.433,15.500,92,0.750,22,9.600,1550,53.200,37.200,1,0,2.900,1.300,33,40,106.660,R14,TARGET,NO,YES,BENTON,COATED,COATED,LINE,YES,WOODHOE70,SPIEGEL,CANADIAN,0
35816,815,2,1910,40,52,,16,86,0.750,26,9.600,1975,53.200,37.200,1,0,2.900,1.300,33,40,100,R14,TARGET,NO,YES,BENTON,COATED,COATED,LINE,YES,WOODHOE70,SPIEGEL,CANADIAN,0
23055,821,7,1910,42.500,52,0.400,13.900,76,0.625,25,0,1800,50,50,0,0,2.500,0.900,40,40,106.660,X249,GUIDEPOSTS,YES,YES,BENTON,UNCOATED,COVER,LINE,YES,MOTTER94,TABLOID,,0
25520,821,7,1910,50,56,0.267,15.200,76,0.625,25,3.400,1760,56.800,39.800,2,0,2.500,0.800,34,40,103.125,X817,TVGUIDE,YES,YES,BENTON,UNCOATED,UNCOATED,LINE,YES,MOTTER94,TABLOID,CANADIAN,0
25520,821,7,1910,45,57,0.267,14,76,0.750,20,3.400,1800,56.200,40.400,2,0,2,0.800,34,40,103.125,X746,TVGUIDE,YES,YES,BENTON,UNCOATED,UNCOATED,LINE,YES,MOTTER94,TABLOID,NORTHUS,0
35982,824,2,1910,47,67,0.400,16,74,0.812,38,0,1900,58.800,41.200,2,0,2.500,1.100,33,40,103.125,X195,TOYSRUS,NO,NO,BENTON,COATED,COATED,LINE,NO,MOTTER94,TABLOID,CANADIAN,1
35872,824,9,1910,47,67,0.333,16,82,0.562,30,1.500,1900,50.500,34.300,0,0,2.500,1.100,33,40,103.125,X405,TOYSRUS,NO,NO,BENTON,COATED,COATED,LINE,YES,MOTTER94,TABLOID,CANADIAN,1
47203,813,5,1910,50,52,0.300,17,69,0.750,,0,1700,58.800,41.200,0,0,2.200,0.900,40,40,106.660,M337,MODMAT,YES,YES,BENTON,UNCOATED,UNCOATED,LINE,YES,MOTTER70,CATALOG,NORTHUS,1
47203,802,7,1910,50,55,0.233,13.340,74,0.625,,4.800,1635,59.500,35.700,1,0,3,2,40,40,100,T32,MODMAT,YES,YES,BENTON,UNCOATED,UNCOATED,LINE,NO,ALBERT70,CATALOG,NORTHUS,1
47203,802,2,1910,50,55,0.233,13.860,70,0.625,47,10.200,1635,51,38.800,0,0,3,1,40,40,100,M410,MODMAT,YES,YES,BENTON,UNCOATED,UNCOATED,LINE,NO,ALBERT70,CATALOG,NORTHUS,1
47203,813,1,1910,50,52,0.267,15.600,71,0.750,,20.600,1700,46.700,32.700,0,0,2.500,0.600,40,40,106.660,E510,MODMAT,YES,YES,BENTON,UNCOATED,UNCOATED,LINE,YES,MOTTER70,CATALOG,NORTHUS,1
37168,815,2,1911,30,63,0.300,13,94,1,29,0,1800,56.200,43.800,0,0,2.500,1,30,40,110,G108,AMES,NO,YES,BENTON,COATED,COATED,LINE,YES,WOODHOE70,TABLOID,CANADIAN,0
37333,815,2,1911,50,60,0.267,13.600,86,1.125,28,0,1500,64.100,35.900,0,0,2.500,1,33,40,106.450,G145,WARDS,NO,YES,BENTON,COATED,COATED,LINE,YES,WOODHOE70,TABLOID,CANADIAN,0
25517,821,7,1911,55,53,0.300,14.200,72,0.625,25,22.700,1750,45.500,31.800,1,0,2.400,0.900,34,40,103.125,X356,TVGUIDE,YES,YES,BENTON,UNCOATED,UNCOATED,LINE,NO,MOTTER94,TABLOID,NORTHUS,0
37333,815,2,1910,35,56,0.300,15.300,80,0.750,20,0,1900,76.900,23.100,0,0,2.500,1.250,33,40,106.660,G95,WARDS,NO,YES,BENTON,COATED,COATED,LINE,NO,WOODHOE70,TABLOID,CANADIAN,0
37994,821,7,1911,55,56,0.233,15,84,0.625,25,16.700,1850,52.100,31.300,4,0,2,0.600,34,40,103.125,X802,HANHOUSE,YES,YES,BENTON,UNCOATED,UNCOATED,LINE,NO,MOTTER94,TABLOID,NORTHUS,0
25513,821,7,1910,55,49,0.200,15,78,0.625,20,17.100,1900,47.600,35.200,0,0,2.500,0.850,34,40,106.450,X779,TVGUIDE,YES,YES,BENTON,UNCOATED,UNCOATED,LINE,NO,MOTTER94,TABLOID,NORTHUS,0
47203,802,2,1910,50,50,0.200,15.700,90,0.750,50,0,1420,62.500,37.500,0,0,3,1.350,40,40,106.450,T380,MODMAT,YES,YES,BENTON,UNCOATED,UNCOATED,LINE,YES,ALBERT70,CATALOG,NORTHUS,1
47203,802,7,1910,50,50,0.200,15.500,74,0.750,58,4.800,1420,59.500,35.700,3,0,3,1,40,40,106.450,F146,MODMAT,YES,YES,BENTON,UNCOATED,UNCOATED,LINE,YES,ALBERT70,CATALOG,NORTHUS,1
35871,824,9,1911,35,56,0.233,16,82,0.562,28,5.600,2100,56.200,38.200,0,0,1.700,0.400,30,40,103.125,X9,TOYSRUS,NO,NO,BENTON,COATED,COATED,LINE,YES,MOTTER94,TABLOID,CANADIAN,1
35871,824,2,1911,35,56,0.200,15,80,0.812,40,8.600,2100,53.800,37.600,8,0,1.700,1,30,40,100,X21,TOYSRUS,NO,NO,BENTON,COATED,COATED,LINE,YES,MOTTER94,TABLOID,CANADIAN,1
37169,824,2,1911,40,50,0.200,16,68,0.812,30,0,2400,58.800,41.200,8,0,2.500,1.500,33,40,103.125,X220,AMES,NO,YES,BENTON,COATED,COATED,LINE,YES,MOTTER94,TABLOID,CANADIAN,1
47169,824,9,1911,40,50,0.233,16,70,0.562,30,0,2400,58.800,41.200,8,0,1.500,0.500,33,40,103.125,X147,AMES,NO,YES,BENTON,COATED,COATED,LINE,YES,MOTTER94,TABLOID,CANADIAN,1
32360,827,2,1910,,59,0.233,14.200,80,1,20,5.600,,55.600,38.900,0,0,2,2.500,33,40,106.450,E92,KMART,NO,YES,BENTON,UNCOATED,COATED,LINE,YES,MOTTER94,TABLOID,,1
32360,827,9,1911,37.500,59,0.233,16,75,0.750,20,4.300,,54.300,41.300,0,0,2.500,1.500,33,40,106.450,E85,KMART,NO,YES,BENTON,UNCOATED,COATED,LINE,YES,MOTTER94,TABLOID,,1
37822,816,9,1911,40,54,0.200,15.800,76,0.500,38,5.600,1736,55.600,38.900,0,0,2.500,1.500,35,40,103.125,F685,BESTPROD,NO,YES,BENTON,UNCOATED,COATED,LINE,YES,WOODHOE70,CATALOG,NORTHUS,1
37822,816,2,1911,40,54,0.200,15.400,78,0.500,34,5.700,1736,56.800,36.900,0,0,2.500,1.100,35,40,103.125,F569,BESTPROD,NO,YES,BENTON,UNCOATED,COVER,LINE,YES,WOODHOE70,CATALOG,NORTHUS,1
37994,821,2,1911,55,45,0.267,15.500,79,0.625,20,16.700,1850,54.300,34.300,4,0,2.500,1,34,40,100,X139,HANHOUSE,YES,YES,BENTON,UNCOATED,UNCOATED,LINE,NO,MOTTER94,TABLOID,NORTHUS,1
25519,821,7,1910,52,64,0.400,15.500,82,0.625,30,0,1800,71.400,28.600,4,0,2.500,0.900,34,40,103.125,X12,TVGUIDE,YES,YES,BENTON,UNCOATED,UNCOATED,LINE,NO,MOTTER94,TABLOID,NORTHUS,0
35458,816,9,1910,40,56,0.233,16.500,79,0.500,28,0,2300,60.200,39.800,0,0,2.500,1.500,30,40,106.450,G518,ECKERD,NO,YES,BENTON,COATED,COATED,LINE,NO,WOODHOE70,TABLOID,CANADIAN,0
35460,824,2,1910,45,54,0.333,15.500,76,0.812,30,5.600,2250,55.600,38.900,2,0,2.500,1.300,30,40,106.450,X116,ECKERD,NO,YES,BENTON,COATED,COATED,LINE,YES,MOTTER94,TABLOID,CANADIAN,1
37365,828,2,1910,47.500,68,0.400,16,80,0.750,30,0,2250,58.800,41.200,0,0,1.500,1,35,40,106.450,X818,KMART,NO,YES,BENTON,UNCOATED,COATED,LINE,YES,MOTTER94,TABLOID,SCANDANAVIAN,1
37365,828,9,1910,47.500,68,0.350,16,80,0.750,30,0,2250,52.100,47.900,0,0,1.500,0.750,35,40,106.450,X346,KMART,NO,YES,BENTON,UNCOATED,COATED,LINE,YES,MOTTER94,TABLOID,SCANDANAVIAN,1
35460,824,9,1910,45,54,0.367,15.500,74,0.562,40,10.500,2250,52.600,36.800,2,0,2.500,1.800,30,40,106.450,X103,ECKERD,NO,YES,BENTON,COATED,COATED,LINE,YES,MOTTER94,TABLOID,CANADIAN,1
37365,827,2,1911,37.500,70,0.333,14.900,64,0.750,28,3.400,1500,57.500,39.100,0,0,2.500,1,40,40,106.890,E74,KMART,NO,YES,BENTON,UNCOATED,COATED,LINE,NO,MOTTER94,TABLOID,CANADIAN,1
37365,827,9,1911,37.500,70,0.400,15,65,0.750,25,5.400,1500,54.300,40.200,0,0,2.300,0.900,40,40,106.660,E86,KMART,NO,YES,BENTON,UNCOATED,COATED,LINE,YES,MOTTER94,TABLOID,CANADIAN,1
37338,824,2,1911,47.500,60,0.400,14.500,74,0.812,20,8.600,1600,53.800,37.600,0,0,2,1.500,35,40,110,X396,WARDS,NO,YES,BENTON,COATED,COATED,LINE,YES,MOTTER94,TABLOID,CANADIAN,1
37758,828,9,1910,40,62,0.300,16,84,0.938,28,0,2200,58.800,41.200,4,0,2.500,0.600,30,40,106.450,X155,ROSES,NO,YES,,COATED,COATED,LINE,YES,MOTTER94,TABLOID,CANADIAN,1
35758,828,2,1910,40,62,0.267,16,84,0.938,32,0,2200,58.800,41.200,4,0,1.400,1,30,40,106.450,X29,ROSES,NO,YES,BENTON,COATED,COATED,LINE,YES,MOTTER94,TABLOID,CANADIAN,1
35458,816,9,1910,40,64,0.200,15.500,85,1,26,0,2400,58.800,41.200,0,0,2.500,1,30,40,103.125,G518,ECKERD,NO,YES,BENTON,COATED,COATED,LINE,YES,WOODHOE70,TABLOID,CANADIAN,1
35458,816,2,1910,40,64,0.233,15,82,0.750,31,0,2400,60,40,3,0,2.500,1,30,40,106.660,G608,ECKERD,NO,YES,BENTON,COATED,COATED,LINE,YES,WOODHOE70,TABLOID,CANADIAN,1
47203,802,7,1910,50,69,0.367,17,82,0.750,50,0,1700,62.500,37.500,0,0,3,1,40,40,106.450,M337,MODMAT,YES,YES,BENTON,UNCOATED,UNCOATED,LINE,NO,ALBERT70,CATALOG,NORTHUS,0
37338,824,9,1911,50,60,0.400,16,76,0.562,28,5.600,1600,55.600,38.900,0,0,1,0.500,35,40,110,X381,WARDS,NO,YES,BENTON,COATED,COATED,LINE,NO,MOTTER94,TABLOID,CANADIAN,1
37915,815,2,1910,50,62,0.400,15.400,98,0.750,25,10.600,1750,48.100,41.300,0,0,2.800,1.300,33,40,110,J582,HILLS,NO,YES,BENTON,COATED,COATED,LINE,YES,WOODHOE70,TABLOID,,1
37915,815,9,1911,50,62,0.400,14.900,96,0.750,26,11,1950,50,39,0,0,2.800,0.800,33,40,110,J62,HILLS,NO,YES,BENTON,COATED,COATED,LINE,YES,WOODHOE70,TABLOID,,1
47203,813,1,1910,50,68,0.367,13.400,70,,,20.400,1700,46.300,33.300,0,0,2.500,1,40,40,106.450,F510,MODMAT,YES,YES,BENTON,UNCOATED,UNCOATED,LINE,YES,MOTTER70,CATALOG,NORTHUS,0
37305,815,9,1911,35,68,0.400,15.100,90,0.875,30,6,1500,59.500,34.500,1,0,2.500,1,35,40,106.890,Y216,KMART,NO,YES,BENTON,UNCOATED,COATED,LINE,YES,WOODHOE70,TABLOID,SCANDANAVIAN,0
37501,816,2,1910,,56,0.300,16.020,84,0.250,30,5.300,2244,52.600,42.100,5,0,3,0.800,30,40,110,G089,WARDS,NO,YES,BENTON,COATED,COATED,LINE,YES,WOODHOE70,TABLOID,,1
37501,816,9,,32.500,56,0.367,15.030,79,0.312,28,5.300,2244,52.600,42.100,0,0,1.800,0.500,30,40,106.450,G572,WARDS,NO,YES,BENTON,COATED,COATED,LINE,YES,WOODHOE70,TABLOID,,1
37177,828,2,1910,40,56,0.300,17,82,0.750,30,0,2550,52.600,47.400,0,0,2,1,33,40,103.220,X390,AMES,NO,YES,BENTON,COATED,COATED,LINE,YES,MOTTER94,TABLOID,CANADIAN,1
37177,828,9,1910,30,56,0.283,17,72,0.750,30,0,2550,52.600,47.400,0,0,2,1,33,40,103.220,X831,WARDS,NO,YES,BENTON,COATED,COATED,LINE,YES,MOTTER94,TABLOID,CANADIAN,1
37501,815,2,1910,30,69,0.300,16,98,0.750,35,0,2050,62.500,37.500,0,0,2.750,1,33,40,100,G78,WARDS,NO,YES,BENTON,COATED,COATED,LINE,YES,WOODHOE70,TABLOID,CANADIAN,1
35759,827,2,1910,45,69,0.267,15.600,72,0.750,21,5.600,2426,55.600,38.900,0,0,2.850,1.100,30,40,103.220,X158,ROSES,NO,YES,BENTON,COATED,COATED,LINE,YES,MOTTER94,TABLOID,CANADIAN,1
37579,827,9,1910,45,69,0.267,16.100,76,0.750,22,5.600,2426,55.600,38.900,0,0,2.700,0.700,30,40,103.220,X804,ROSES,NO,YES,BENTON,COATED,COATED,LINE,YES,MOTTER94,TABLOID,CANADIAN,1
37501,815,9,1910,32.500,69,0.200,15.500,94,0.750,30,0.500,2050,52.600,42.100,0,0,2.500,1,33,40,100,G69,WARDS,NO,YES,BENTON,COATED,COATED,LINE,NO,WOODHOE70,TABLOID,CANADIAN,1
37502,824,2,1910,,66,0.200,15,82,0.812,30,7,1900,58.100,34.900,5,0,2.500,0.900,30,40,103.125,X820,WARDS,NO,YES,BENTON,COATED,COATED,LINE,NO,MOTTER94,TABLOID,CANADIAN,0
37938,816,9,1910,45,65,0.300,16.300,78,0.750,32,3.400,1700,56.800,39.800,4,0,2.500,1,34,40,106.450,I343,MASSEY,YES,YES,BENTON,UNCOATED,UNCOATED,LINE,NO,WOODHOE70,CATALOG,NORTHUS,0
35528,816,2,1910,40,68,0.300,14,88,0.750,32,0,1742,60,40,3,0,2.500,1,40,40,103.125,R2,SHEPLERS,YES,YES,BENTON,UNCOATED,UNCOATED,LINE,YES,WOODHOE70,SPIEGEL,NORTHUS,0
37199,824,9,1910,40,64,0.200,16.500,82,0.562,30,2.300,1900,57.500,40.200,0,0,1.300,0.800,30,40,106.450,X760,WARDS,NO,YES,BENTON,UNCOATED,COATED,LINE,YES,MOTTER94,TABLOID,CANADIAN,0
37003,815,2,1910,40,65,0.267,16.200,79,0.625,30,0,1500,62.500,37.500,4,0,2.500,1,38,40,106.450,I383,CHILDCRAFT,YES,YES,BENTON,UNCOATED,COVER,LINE,YES,WOODHOE70,CATALOG,NORTHUS,0
37990,813,1,1910,50,66,0.233,16,87,1,,11.100,1530,55.600,33.300,0,0,2.500,1,34,40,100,T176,HANOVERHOUSE,YES,YES,BENTON,UNCOATED,UNCOATED,LINE,YES,MOTTER70,CATALOG,NORTHUS,0
37365,815,9,1911,35,62,0.400,14.500,94,1,35,0,1900,63.300,36.700,0,0,2.500,1,35,40,106.890,Y255,KMART,NO,YES,BENTON,UNCOATED,COATED,LINE,YES,WOODHOE70,TABLOID,NORTHUS,0
35460,824,2,1910,40,62,,16,80,0.812,40,0,2250,62.500,37.500,0,0,2.500,0.700,30,40,110,X253,ECKERD,NO,YES,BENTON,COATED,COATED,LINE,NO,MOTTER94,TABLOID,CANADIAN,0
37365,827,9,1910,42.500,58,0.400,15,76,1,20,5.400,2000,54.300,40.200,0,0,2.500,1,35,40,103.330,AA11,KMART,NO,YES,BENTON,UNCOATED,COATED,LINE,YES,MOTTER94,TABLOID,NORTHUS,0
47204,813,9,1910,50,64,0.233,18,64,1,,0,1300,62.500,37.500,0,0,3,1,40,40,106.450,M362,MODMAT,YES,YES,BENTON,COATED,COATED,LINE,YES,MOTTER70,CATALOG,NORTHUS,0
47204,813,10,1910,50,64,0.200,16,86,0.750,,0,1300,58.800,41.100,0,0,2.500,1,40,40,106.450,F26,MODMAT,YES,YES,BENTON,COATED,COATED,LINE,YES,MOTTER70,CATALOG,,0
37938,816,2,1910,60,66,0.200,14.500,85,0.250,,0,,62.200,37.800,0,0,2.500,1,34,40,106.450,I820,MASSEY,YES,YES,BENTON,UNCOATED,UNCOATED,LINE,YES,WOODHOE70,CATALOG,CANADIAN,0
37505,824,9,1910,40,64,0.233,15.400,88,0.562,24,4.400,1835,55.500,40,2,0,2,1.300,30,40,106.450,X367,WARDS,NO,YES,BENTON,COATED,COATED,LINE,NO,MOTTER94,TABLOID,CANADIAN,1
37505,824,2,1910,40,64,0.200,16,76,0.812,23,4.800,1835,59.500,35.700,3,0,2,0.700,30,40,106.450,X793,WARDS,NO,YES,BENTON,COATED,COATED,LINE,NO,MOTTER94,TABLOID,CANADIAN,1
47103,816,9,1910,47.500,63,0.300,16.400,84,0.500,27,20.700,1800,41.300,38,5,0,2.600,0.300,40,33,96.700,F679,MODMAT,YES,YES,BENTON,UNCOATED,UNCOATED,LINE,YES,WOODHOE70,CATALOG,NORTHUS,0
47103,816,9,1910,50,50,0.300,14.500,84,0.250,24,20.700,1500,41.300,38,0,0,3,0.600,40,33,103.300,F242,MODMAT,YES,YES,BENTON,UNCOATED,UNCOATED,XYLOL,YES,WOODHOE70,CATALOG,NORTHUS,0
47103,813,1,1910,50,48,0.233,13,80,1,,18.900,1700,47.200,34,0,0,2.700,0.600,40,33,100,M260,MODMAT,YES,YES,BENTON,UNCOATED,UNCOATED,LINE,YES,MOTTER70,CATALOG,NORTHUS,0
34402,815,9,1911,52,54,0.500,16,82,0.875,22,15.800,900,49.500,34.700,0,0,2.500,1,50,40,96.700,I331,AUSTADS,YES,YES,BENTON,UNCOATED,UNCOATED,XYLOL,YES,WOODHOE70,CATALOG,NORTHUS,0
34545,827,2,1910,40,41,0.233,14,79,0.750,20,0,1530,61.700,38.300,5,0,3.100,1.800,33,33,96.900,O21,TARGET,NO,YES,BENTON,COATED,COATED,LINE,NO,MOTTER94,SPIEGEL,CANADIAN,1
36053,815,9,1910,45,42,0.233,15,76,0.750,30,0,2220,58.800,41.200,0,0,2.500,1,30,35,100,J68,WARDS,NO,YES,BENTON,COATED,COATED,LINE,YES,WOODHOE70,TABLOID,CANADIAN,1
36053,815,2,1910,45,42,0.233,16,84,0.625,28,0,2220,54.300,45.700,0,0,2.500,1,30,35,100,J42,WARDS,NO,YES,BENTON,COATED,COATED,LINE,YES,WOODHOE70,TABLOID,CANADIAN,1
36859,802,7,1911,55,54,0.267,15,70,0.625,60,3.400,1600,56.800,39.800,0,0,1,0.400,45,40,103.300,F331,NATLWILDLIFE,YES,YES,BENTON,UNCOATED,UNCOATED,LINE,YES,ALBERT70,CATALOG,NORTHUS,1
36859,802,2,1911,57.500,54,0.267,15.500,80,0.625,55,0,1600,62.500,37.500,0,0,3,0.500,45,40,103.300,F571,NATLWILDLIFE,YES,YES,BENTON,UNCOATED,COVER,LINE,NO,ALBERT70,CATALOG,NORTHUS,1
47103,813,9,1910,40,54,0.233,15.590,89,1,,1.200,1700,58.100,40.700,0,0,2.500,0.600,40,33,103.300,M93,MODMAT,NO,YES,BENTON,COATED,COATED,LINE,YES,MOTTER70,CATALOG,NORTHUS,1
34683,815,2,1910,40,38,0.300,16,92,0.625,25,1.100,1900,53.800,45.200,0,0,2.500,1,30,33,100,G467,ECKERD,NO,YES,BENTON,COATED,COATED,LINE,YES,WOODHOE70,TABLOID,NORTHUS,1
36648,815,1,1911,50,60,0.300,14,75,0.625,33,0,2000,65.200,34.800,0,0,0,0,35,40,96.900,F227,JAMESWAY,NO,YES,BENTON,UNCOATED,COATED,LINE,YES,WOODHOE70,CATALOG,CANADIAN,0
34664,816,9,1910,45,49,0.200,16,72,0.375,38,15,1650,50,35,0,0,2.500,0.200,38,33,96.900,G496,BURDINES,YES,YES,BENTON,UNCOATED,UNCOATED,XYLOL,YES,WOODHOE70,TABLOID,NORTHUS,0
36858,813,5,1910,60,43,0.367,15,94,1,,9.500,1500,52.600,37.900,0,4,2.500,1,40,35,100,F329,EXXON,YES,YES,BENTON,UNCOATED,UNCOATED,LINE,YES,MOTTER70,CATALOG,NORTHUS,0
25416,821,7,1911,47.500,41,0.333,18,74,0.500,30,17.700,1900,44.200,38.100,2,0,2.500,1,40,33,100,X203,TVGUIDE,YES,YES,BENTON,UNCOATED,UNCOATED,LINE,NO,MOTTER94,TABLOID,NORTHUS,0
36858,802,2,1910,47.500,52,0.267,14.300,98,0.750,55,11.700,1600,53.200,35.100,0,0,3,1,40,33,100,T313,EXXON,YES,YES,BENTON,UNCOATED,UNCOATED,LINE,YES,ALBERT70,CATALOG,NORTHUS,0
34546,816,9,1911,37.500,54,0.300,14.500,80,1,20,10.900,2400,54.300,34.800,0,0,2.500,0.400,30,40,103.300,R4,TARGET,NO,YES,BENTON,COATED,COATED,LINE,YES,WOODHOE70,SPIEGEL,CANADIAN,1
34546,816,2,1911,52.500,54,0.267,14.600,82,,32,10.500,2400,52.600,36.800,0,0,2.500,0.500,30,40,100,R15,TARGET,NO,YES,BENTON,COATED,COATED,LINE,YES,WOODHOE70,SPIEGEL,CANADIAN,1
36054,827,2,1910,45,55,0.300,15,75,0.750,25,0,2300,59.800,40.200,0,0,2,2.300,30,33,96.600,X400,WARDS,NO,YES,BENTON,COATED,COATED,LINE,YES,MOTTER94,TABLOID,CANADIAN,1
34545,827,9,1910,40,48,0.300,15,82,1,35,0,1720,59.300,40.700,0,0,1.500,1.500,32,33,100,O6,TARGET,NO,YES,BENTON,UNCOATED,COATED,LINE,NO,MOTTER94,TABLOID,CANADIAN,1
34545,827,2,1910,40,48,0.333,15,75,1,30,0,1720,61.700,38.300,0,0,2.500,3,33,33,103.200,O14,TARGET,NO,YES,BENTON,UNCOATED,COATED,LINE,NO,MOTTER94,TABLOID,CANADIAN,1
47103,802,7,1910,50,52,0.200,14,80,0.750,60,4.400,1700,54.900,40.700,0,0,2.500,1,40,33,100,T244,MODMAT,YES,YES,BENTON,UNCOATED,UNCOATED,LINE,NO,ALBERT70,CATALOG,NORTHUS,0
47103,813,1,1910,55,54,0.233,13.230,79,1,,18.900,1700,47.200,34,0,0,2,0.600,40,33,100,M260,MODMAT,YES,YES,BENTON,UNCOATED,UNCOATED,LINE,YES,MOTTER70,CATALOG,NORTHUS,1
47103,813,10,1910,40,54,0.267,14.420,87,1,,4.500,1700,56.200,39.300,0,0,2.500,1,40,33,96.800,T383,MODMAT,NO,YES,BENTON,COATED,COATED,LINE,YES,MOTTER70,CATALOG,NORTHUS,1
47103,802,2,1910,72.500,54,0.200,14.500,82,0.750,50,2.200,1900,56.700,41.600,0,0,3,0.900,40,33,100,T78,MODMAT,YES,YES,BENTON,UNCOATED,UNCOATED,LINE,YES,ALBERT70,CATALOG,NORTHUS,1
47103,813,5,1910,47.500,54,0.200,16.080,69,1,,3.300,1700,55.500,41.100,0,0,2.500,0.900,40,30,103.300,M4,MODMAT,YES,YES,BENTON,UNCOATED,UNCOATED,LINE,YES,MOTTER70,CATALOG,NORTHUS,1
47103,816,2,1910,60,50,0.300,15,72,0.750,30,15.900,1700,44.200,39.800,1,0,3,0.500,40,33,100,F672,MODMAT,YES,YES,BENTON,UNCOATED,UNCOATED,LINE,YES,WOODHOE70,CATALOG,NORTHUS,0
34752,824,9,1910,50,48,0.333,15.800,70,,30,0,1900,58.800,41.200,5,0,2.500,1.200,30,33,100,X776,TOYSRUS,NO,NO,BENTON,COATED,COATED,LINE,YES,MOTTER94,TABLOID,CANADIAN,1
34752,824,2,1910,50,48,0.233,15.500,68,0.812,30,0,1900,57.400,42.600,10,0,1.500,1,30,33,100,X713,TOYSRUS,NO,NO,BENTON,COATED,COATED,LINE,YES,MOTTER94,TABLOID,NORTHUS,1
36928,815,9,1910,40,54,0.233,15,80,0.750,28,0,1800,58.800,41.200,0,0,2.500,1.200,30,33,100,M432,HOMESHOPPING,NO,YES,BENTON,COATED,COATED,LINE,YES,WOODHOE70,CATALOG,CANADIAN,1
36928,815,2,1910,40,54,0.300,15,88,0.750,28,0,1800,58.800,41.200,0,0,2.500,1.200,30,33,100,M257,HOMESHOPPING,NO,YES,BENTON,COATED,COATED,LINE,YES,WOODHOE70,CATALOG,CANADIAN,1
25424,821,7,1911,40,54,0.333,14.100,80,,20,24.800,1850,41.300,33.900,3,0,2.500,0.800,40,40,103.300,X138,TVGUIDE,YES,YES,BENTON,UNCOATED,UNCOATED,LINE,NO,MOTTER94,TABLOID,NORTHUS,1
36859,802,2,,50,65,,17,100,0.625,52,5.600,1650,55.500,38.900,0,0,3,0.600,45,,,F670,NTLWILDLIFE,YES,YES,BENTON,UNCOATED,COVER,LINE,NO,ALBERT70,CATALOG,NORTHUS,0
34093,821,7,1910,52.500,62,0.433,14.500,95,0.750,20,0,1950,58.800,41.200,0,0,2,1,38,35,100,X787,HANOVERHOUSE,YES,YES,BENTON,UNCOATED,COVER,LINE,NO,MOTTER94,TABLOID,NORTHUS,0
36859,802,2,1910,50,56,0.200,14.300,105,0.750,70,0,1600,55.500,44.500,0,0,3,1,45,35,100,F590,NATLWILDLIFE,YES,YES,BENTON,UNCOATED,UNCOATED,LINE,NO,ALBERT70,CATALOG,NORTHUS,0
36649,813,6,1911,47.500,62,0.333,15,84,,,5.600,,56.200,38.200,0,0,2.500,1,35,40,96.700,F19,JAMESWAY,NO,YES,BENTON,COATED,COATED,LINE,,MOTTER70,CATALOG,SCANDANAVIAN,1
36649,813,1,1911,47.500,62,,15,80,,,5.600,,56.200,38.200,0,0,2.500,1,35,40,96.900,F89,JAMESWAY,NO,YES,BENTON,COATED,COATED,LINE,,MOTTER70,CATALOG,SCANDANAVIAN,1
34547,815,9,1910,30,58,0.433,15.900,81,0.625,30,0,2150,62.500,37.500,10,0,2.500,1,30,35,90,R17,TARGET,NO,YES,BENTON,COATED,COATED,LINE,YES,WOODHOE70,SPIEGEL,CANADIAN,1
34547,815,2,1910,30,58,0.333,16.300,78,0.625,30,0,2150,58.800,41.200,10,0,2.500,1,30,35,90,R29,TARGET,NO,YES,BENTON,COATED,COATED,LINE,YES,WOODHOE70,SPIEGEL,CANADIAN,1
36894,824,2,1910,30,51,0.300,16,70,0.812,20,0,2250,58.800,41.200,0,0,1.500,0.600,30,35,103.300,X423,WARDS,NO,YES,BENTON,COATED,COATED,LINE,YES,MOTTER94,TABLOID,CANADIAN,1
36894,824,9,1910,30,51,0.333,16,76,0.875,25,19.100,2250,42.700,38.200,3,0,1.200,0.500,30,35,103.300,X414,WARDS,NO,YES,BENTON,COATED,COATED,LINE,YES,MOTTER94,TABLOID,CANADIAN,1
36057,827,9,1910,30,58,0.467,15,98,0.750,30,0,2300,58.800,41.200,6,0,2.250,1,30,35,100,X84,WARDS,NO,YES,BENTON,COATED,COATED,LINE,YES,MOTTER94,TABLOID,CANADIAN,1
36057,827,2,1910,30,58,0.467,15,96,0.750,30,0,2300,58.800,41.200,6,0,3,0.750,30,35,100,X96,WARDS,NO,YES,BENTON,COATED,COATED,LINE,YES,MOTTER94,TABLOID,CANADIAN,1
36024,815,9,1910,52.500,54,0.433,16.300,90,0.750,38,0,1800,62.500,38.500,0,0,2.900,1.100,33,35,100,G407,CHILDWORLD,YES,YES,BENTON,COATED,UNCOATED,LINE,NO,WOODHOE70,TABLOID,CANADIAN,1
36024,815,2,1910,55.500,54,0.233,15,82,0.750,38,0,1800,58.800,41.200,0,0,2,1,33,35,100,G150,CHILDWORLD,YES,YES,BENTON,COATED,UNCOATED,LINE,NO,WOODHOE70,TABLOID,CANADIAN,1
25424,821,2,,40,54,,14.600,85,,20,21.700,1850,43.500,34.800,0,0,2.500,0.800,40,,,X777,TVGUIDE,YES,YES,BENTON,UNCOATED,UNCOATED,XYLOL,YES,MOTTER94,TABLOID,NORTHUS,1
34397,813,1,1910,50,53,0.300,16,65,0.750,,15.800,1300,49.500,34.700,0,0,2.500,1,28,35,93.500,B6,DOWNS,YES,YES,BENTON,UNCOATED,UNCOATED,LINE,YES,MOTTER70,CATALOG,MIDEUROPEAN,1
34397,813,6,1910,50,53,0.300,16.500,90,0.750,,11.300,1300,51.500,37.100,0,0,2.500,0.700,28,35,100,F85,DOWNS,YES,YES,BENTON,UNCOATED,UNCOATED,LINE,YES,MOTTER70,CATALOG,MIDEUROPEAN,1
36846,802,7,1910,50,59,0.367,13,92,0.625,49,0,1300,58.800,41.200,0,0,3,1.100,40,35,100,I301,GLOBAL,YES,YES,BENTON,UNCOATED,COVER,LINE,YES,ALBERT70,CATALOG,NORTHUS,0
38025,815,9,1910,57.500,55,0.333,14,86,0.750,30,13,1700,50,37,0,0,2.900,0.900,34,35,100,F135,CASUALLIVING,YES,YES,BENTON,UNCOATED,UNCOATED,LINE,NO,WOODHOE70,CATALOG,NORTHUS,1
38025,815,2,1910,55,55,0.300,13,86,0.750,28,13.700,1700,49,37.300,0,0,3,0.800,34,35,100,T178,CASUALLIVING,YES,YES,BENTON,UNCOATED,UNCOATED,LINE,NO,WOODHOE70,CATALOG,NORTHUS,1
36874,815,9,,,60,,15.500,80,,30,13,1750,54.300,32.600,0,0,2.750,1,33,,,F257,CAMPINGWORLD,,YES,BENTON,COATED,COATED,LINE,YES,WOODHOE70,CATALOG,CANADIAN,1
37874,815,2,,,60,,15,78,0.625,34,15,1750,50,35,0,0,2.500,1,33,,,F170,CAMPINGWORLD,,YES,BENTON,COATED,COATED,LINE,YES,WOODHOE70,CATALOG,CANADIAN,1
36911,813,6,1910,50,59,0.400,15,90,0.750,,0,1500,58.800,41.200,0,0,2.500,1,40,35,100,F77,CHILDCRAFT,YES,YES,BENTON,UNCOATED,COVER,LINE,NO,MOTTER70,CATALOG,NORTHUS,0
25427,821,7,1910,55,49,0.233,15.600,80,1,30,35.800,1950,41.700,22.500,1,0,2.700,1,40,37,100,X95,TVGUIDE,YES,YES,BENTON,UNCOATED,UNCOATED,LINE,NO,MOTTER94,TABLOID,NORTHUS,0
34092,815,2,1910,65,49,0.333,13.500,82,0.625,30,0,1350,68.200,31.800,1,0,2.500,1,38,37,103.200,M254,OLDVILLAGESHOP,YES,YES,BENTON,UNCOATED,UNCOATED,LINE,YES,WOODHOE70,CATALOG,,0
36846,802,2,1910,65,65,0.400,14,100,0.750,40,7,1200,58.100,34.900,0,0,2.500,1,40,35,100,I347,GLOBALEQUP,NO,YES,BENTON,UNCOATED,UNCOATED,LINE,NO,ALBERT70,CATALOG,NORTHUS,0
36058,824,6,1911,50,58,0.300,16,,0.875,24,0,2200,58.800,41.200,0,0,1.200,0.600,30,42,93.750,X116,WARDS,NO,YES,BENTON,COATED,COATED,LINE,,MOTTER94,TABLOID,CANADIAN,1
34092,815,9,1910,65,58,0.400,15,74,0.625,32,0,1800,57.500,42.500,1,0,2.500,1,38,37,103.200,M45,OLDVILLAGESHOP,YES,YES,BENTON,UNCOATED,UNCOATED,LINE,NO,WOODHOE70,CATALOG,,0
36058,824,2,1911,50,58,0.333,15.500,75,0.812,24,0,2200,58.800,41.200,0,0,1.500,0.600,30,42,100,X273,WARDS,NO,YES,BENTON,COATED,COATED,LINE,,MOTTER94,TABLOID,CANADIAN,1
34367,816,9,1911,62.500,47,0.167,17,75,0.750,30,14.300,1700,47.600,38.100,0,0,3,0.500,40,40,96.900,J6,YIELDHOUSE,YES,YES,BENTON,UNCOATED,UNCOATED,LINE,YES,WOODHOE70,TABLOID,NORTHUS,0
34583,827,9,1911,40,47,0.200,15,75,0.750,25,0,2100,61.100,38.900,0,0,2.400,1.100,33,40,96.900,X135,AMES,NO,YES,BENTON,COATED,COATED,LINE,YES,MOTTER94,TABLOID,CANADIAN,1
25428,821,2,1911,45,47,0.200,14,80,0.750,20,18,1800,45,37,0,0,2.500,0.800,40,40,96.900,X151,TVGUIDE,YES,YES,BENTON,UNCOATED,UNCOATED,LINE,YES,MOTTER94,TABLOID,NORTHUS,1
23040,821,7,,50,59,0.333,14.500,71,0.625,20,11.100,1650,55.500,33.300,0,0,2.500,1,40,,,X750,GUIDEPOSTS,YES,YES,BENTON,UNCOATED,UNCOATED,LINE,NO,MOTTER94,TABLOID,,0
36784,815,2,1910,60,58,0.333,15.100,93,1,25,0,1650,56.100,33.900,0,0,2.500,1,40,35,100,T245,MASSEY,YES,YES,BENTON,UNCOATED,UNCOATED,LINE,YES,WOODHOE70,CATALOG,NORTHUS,0
36784,815,2,1910,50,58,0.367,13.500,100,0.750,35,0,1750,55.500,44.500,3,0,2.700,0.500,40,35,100,F374,MASSEY,YES,YES,BENTON,UNCOATED,UNCOATED,LINE,NO,WOODHOE70,CATALOG,NORTHUS,0
47104,802,2,1910,40,56,0.300,16.500,80,,45,20.300,1400,44.200,35.500,0,0,3,0.600,40,35,100,B181,MODMAT,YES,YES,BENTON,UNCOATED,UNCOATED,LINE,YES,ALBERT70,CATALOG,NORTHUS,1
47104,802,7,1911,30,56,0.433,16,70,,60,21.800,1400,45.400,32.800,0,0,3,0.900,40,40,96.800,M332,MODMAT,YES,YES,BENTON,UNCOATED,UNCOATED,LINE,YES,ALBERT70,CATALOG,NORTHUS,1
36784,815,9,1910,37.500,56,0.300,14,82,0.625,28,0,1700,58.800,41.200,2,0,2.500,0.500,40,35,100,T234,MASSEY,YES,YES,BENTON,UNCOATED,UNCOATED,XYLOL,YES,WOODHOE70,CATALOG,NORTHUS,1
47104,813,5,1911,50,56,0.333,14.600,74,0.750,,7.500,1400,53.800,38.700,0,4,2.400,0.800,40,40,96.800,M39,MODMAT,YES,YES,BENTON,UNCOATED,UNCOATED,XYLOL,YES,MOTTER70,CATALOG,NORTHUS,1
47104,813,1,1911,57.500,56,0.500,13.800,73,0.750,,4.400,1400,52.700,42.900,0,0,2,0.500,40,40,96.800,F450,MODMAT,YES,YES,BENTON,UNCOATED,UNCOATED,XYLOL,YES,MOTTER70,CATALOG,NORTHUS,1
34583,827,2,1911,45,55,0.200,14,73,0.750,30,0,2100,61.100,38.900,0,0,2.500,0.800,33,40,96.800,X281,AMES,NO,YES,BENTON,COATED,COATED,LINE,YES,MOTTER94,TABLOID,CANADIAN,0
34714,824,9,1911,30,56,0.200,14.700,87,0.875,20,0,2150,58.800,41.200,12,0,1.500,0.600,30,40,96.800,X346,HILLS,NO,YES,BENTON,COATED,COATED,LINE,YES,MOTTER94,TABLOID,CANADIAN,1
34714,824,2,1910,40,56,0.333,15.300,86,0.812,32,0,2150,58.800,41.200,12,0,2.200,0.800,30,35,100,X235,HILLS,NO,YES,BENTON,COATED,COATED,LINE,YES,MOTTER94,TABLOID,CANADIAN,1
47104,813,10,1911,55,56,0.400,15,87,0.750,,0,1250,62.500,37.500,0,0,2.500,1,40,40,96.800,B125,MODMAT,YES,YES,BENTON,COATED,COATED,LINE,YES,MOTTER70,CATALOG,NORTHUS,1
47104,813,9,1911,55,56,0.400,15,93,0.750,,0,1250,62.500,37.500,0,0,2.500,1,40,40,96.800,T280,MODMAT,YES,YES,BENTON,COATED,COATED,LINE,YES,MOTTER70,CATALOG,NORTHUS,1
36644,816,2,1911,60,56,0.300,16,87,0.625,26,10.500,1450,50.500,39,3,0,3,1.300,40,40,93.750,T8,REI,YES,YES,BENTON,UNCOATED,UNCOATED,XYLOL,NO,WOODHOE70,CATALOG,NORTHUS,0
36644,802,2,1910,60,53,0.300,18,103,0.625,50,22.100,1600,41,36.900,0,0,3,0.700,40,35,105.200,F257,REI,YES,YES,BENTON,UNCOATED,UNCOATED,LINE,NO,ALBERT70,CATALOG,NORTHUS,1
36644,802,7,1910,57.500,53,0.367,14.500,70,0.625,58,20.200,1600,42,37.800,3,0,3,1,40,35,105.200,F261,REI,YES,YES,BENTON,UNCOATED,UNCOATED,LINE,NO,ALBERT70,CATALOG,NORTHUS,1
35683,802,7,1911,62.500,61,0.300,14,85,0.750,50,3.500,1660,56.800,39.700,2,0,3,1,32,40,93.750,F264,USCAV,YES,YES,BENTON,UNCOATED,UNCOATED,LINE,NO,ALBERT70,CATALOG,NORTHUS,1
35683,802,2,1910,65,61,0.367,14.800,80,0.375,45,19.500,1660,42.400,38.100,0,0,3,1,32,35,105.200,F294,USCAV,YES,YES,BENTON,UNCOATED,UNCOATED,LINE,NO,ALBERT70,CATALOG,NORTHUS,1
34685,828,2,1911,50,61,0.267,14.200,88,1,29,0,2350,52.600,47.400,,0,2.500,1.100,30,40,93.750,X232,ECKERDS,NO,YES,BENTON,COATED,COATED,LINE,YES,MOTTER94,TABLOID,CANADIAN,1
34685,828,10,1910,50,61,0.333,13,72,1,41,0,2350,58.800,41.200,,0,2,1,30,35,105.200,X750,ECKERDS,NO,YES,BENTON,COATED,COATED,LINE,YES,MOTTER94,TABLOID,CANADIAN,1
34894,821,2,1910,45,61,0.400,14,78,0.750,20,25.600,2100,42.700,31.700,0,0,2.500,0.800,30,35,105.200,X351,ROSES,NO,YES,BENTON,COATED,COATED,LINE,NO,MOTTER94,TABLOID,CANADIAN,1
34894,821,7,1910,50,61,0.333,13.100,70,0.750,25,21.700,2100,41.700,36.600,5,0,2.500,0.800,30,35,105.200,X25,ROSES,NO,YES,BENTON,COATED,COATED,LINE,YES,MOTTER94,TABLOID,CANADIAN,1
34547,827,2,1910,32.500,54,0.267,15.500,78,1,25,0,1900,58.800,41.200,10,0,2.500,0.500,30,35,93.300,O7,TARGET,NO,YES,BENTON,COATED,COATED,LINE,,MOTTER94,SPIEGEL,CANADIAN,1
34547,827,9,1910,32.500,54,0.500,15.500,78,1,25,0,1900,58.800,41.200,10,0,1.400,0.800,30,35,103.200,O15,TARGET,NO,YES,BENTON,COATED,COATED,LINE,,MOTTER94,SPIEGEL,CANADIAN,1
36066,827,9,1911,40,54,0.200,15,72,0.750,35,0,2500,58.500,41.500,0,0,2.100,1.100,30,40,100,X753,WARDS,NO,YES,BENTON,COATED,COATED,LINE,YES,MOTTER94,TABLOID,CANADIAN,1
36066,827,2,1911,40,54,0.367,15,78,0.750,20,0,2500,61.100,38.900,0,0,2.500,0.700,30,40,100,X823,WARDS,NO,YES,BENTON,COATED,COATED,LINE,YES,MOTTER94,TABLOID,CANADIAN,1
36066,824,9,1910,45,54,0.200,15,80,0.812,20,0,2000,58.800,41.200,0,0,1.500,0.600,33,35,111.100,X60,WARDS,NO,YES,BENTON,COATED,COATED,LINE,YES,MOTTER94,TABLOID,CANADIAN,1
34493,816,9,1910,,51,0.167,16,75,0.500,30,0,1800,58.800,41.200,0,0,2.100,1,30,35,100,J40,WALMART,,YES,BENTON,COATED,UNCOATED,LINE,NO,WOODHOE70,TABLOID,,0
34896,828,2,1910,40,54,0.400,15.200,88,0.875,,5.900,2300,49.500,44.600,8,0,2.500,1,33,35,111.100,X153,ROSES,NO,YES,BENTON,COATED,COATED,LINE,YES,MOTTER94,TABLOID,NORTHUS,1
34896,828,9,1910,40,54,0.333,14.700,90,0.875,,0,2300,52.600,47.400,4,0,3,1.100,33,35,111.100,X272,ROSES,NO,YES,BENTON,COATED,COATED,LINE,YES,MOTTER94,TABLOID,NORTHUS,1
23050,816,2,1910,57.500,54,0.367,16.200,79,0.500,23,19,1500,47.600,33.400,5,0,3,1,32,35,93.300,F131,DOWNS,YES,YES,BENTON,UNCOATED,UNCOATED,LINE,YES,WOODHOE70,CATALOG,NORTHUS,1
36644,802,2,1910,60,53,0.333,16.500,88,0.750,55,22.100,1550,41,36.900,0,0,3,0.800,40,35,105.100,F76,REI,YES,YES,BENTON,UNCOATED,UNCOATED,LINE,NO,ALBERT70,CATALOG,NORTHUS,1
23050,816,9,1910,55,54,0.300,15.800,79,0.500,30,12.400,1500,51.500,36.100,0,0,3,0.500,32,35,93.300,F383,DOWNS,YES,YES,BENTON,UNCOATED,UNCOATED,LINE,YES,WOODHOE70,CATALOG,NORTHUS,1
36644,802,7,1910,60,53,0.300,14.700,70,0.750,50,20.200,1550,42,37.800,3,0,3,1,40,35,111.100,F374,REI,YES,YES,BENTON,UNCOATED,UNCOATED,LINE,NO,ALBERT70,CATALOG,NORTHUS,1
36882,816,2,1910,45,53,0.300,15.200,78,1,,13.300,2150,51,35.700,2,0,2.500,1.100,30,35,111.100,J15,WARDS,NO,YES,BENTON,COATED,COATED,LINE,YES,WOODHOE70,TABLOID,CANADIAN,1
36882,816,9,1910,35,53,0.267,14.700,80,1,,5.500,2150,55.600,38.900,0,0,2.500,0.400,30,35,111.100,J38,WARDS,NO,YES,BENTON,COATED,COATED,LINE,YES,WOODHOE70,TABLOID,CANADIAN,1
34483,816,2,1910,35,55,0.500,15,70,0.500,32,0,1950,58.800,41.200,0,0,2.500,1.300,30,35,100,J60,WALMART,NO,YES,BENTON,COATED,UNCOATED,LINE,YES,WOODHOE70,TABLOID,,0
34493,816,2,1910,35,55,0.233,15,70,0.500,35,0,2000,58.800,41.200,0,0,2.500,1.500,30,35,100,J60,WALMART,NO,YES,BENTON,COATED,COATED,LINE,NO,WOODHOE70,TABLOID,,0
34493,816,9,1910,,54,0.333,17,94,0.250,26,0,1900,56.800,43.200,0,0,2.500,0.900,30,35,100,J40,WALMART,,YES,BENTON,COATED,UNCOATED,LINE,NO,WOODHOE70,TABLOID,NORTHUS,1
34493,816,2,1911,,54,0.200,14,80,0.312,34,3.400,1900,56.800,39.800,0,0,2.500,1.300,30,40,106.700,J45,WALMART,NO,YES,BENTON,COATED,UNCOATED,LINE,NO,WOODHOE70,TABLOID,NORTHUS,1
34585,828,2,1910,30,50,0.200,15.600,84,1,,0,2400,58.800,41.200,4,0,2.500,0.900,33,35,96.800,X315,AMES,NO,YES,,COATED,COATED,LINE,YES,MOTTER94,TABLOID,CANADIAN,1
34585,828,9,1910,30,50,0.333,15.800,92,1,,0,2400,58.500,41.200,2,0,3,1.400,33,35,96.800,X766,AMES,NO,YES,,COATED,COATED,LINE,YES,MOTTER94,TABLOID,CANADIAN,1
36776,802,7,1910,45,50,0.200,14.500,70,0.750,42,5.300,1700,52.600,42.100,0,0,3,0.800,40,45,100,W717,SHEPLERS,YES,YES,BENTON,UNCOATED,UNCOATED,XYLOL,YES,ALBERT70,CATALOG,NORTHUS,1
36776,802,2,1910,40,50,0.267,13.500,75,0.750,45,0,1700,58.800,41.200,0,0,3,0.600,40,35,100,W516,SHEPLERS,YES,YES,BENTON,UNCOATED,UNCOATED,XYLOL,YES,ALBERT70,SPIEGEL,NORTHUS,1
25433,821,7,1910,50,50,0.200,16.200,75,0.750,25,3.300,1850,54.900,41.800,2,0,2.700,0.900,40,35,100,X35,TVGUIDE,YES,YES,BENTON,UNCOATED,UNCOATED,LINE,YES,MOTTER94,TABLOID,NORTHUS,1
38016,802,7,1910,45,54,0.333,14.800,70,0.750,50,13,1420,54.300,32.600,0,0,3,0.900,28,35,106.900,F633,DUNNS,YES,YES,BENTON,UNCOATED,UNCOATED,LINE,NO,ALBERT70,CATALOG,MIDEUROPEAN,1
38016,802,2,1910,45,54,0.233,14.300,67,0.750,45,12.300,1420,51.500,36.100,0,0,3,0.600,28,35,106.900,M200,DUNNS,YES,YES,BENTON,UNCOATED,UNCOATED,LINE,NO,ALBERT70,CATALOG,MIDEUROPEAN,1
34549,815,2,1911,45,54,0.267,14,90,0.750,30,0,2000,58.800,41.200,0,0,3,1,33,40,103.300,R15,TARGET,NO,YES,BENTON,COATED,COATED,LINE,NO,WOODHOE70,SPIEGEL,CANADIAN,1
34175,821,7,1910,30,54,0.233,15.800,68,0.750,25,6.400,2000,53.200,40.400,4,0,2.300,0.800,35,35,106.900,X65,MERVYNS,NO,YES,BENTON,COATED,COATED,LINE,NO,MOTTER94,TABLOID,,1
34493,824,9,1910,30,54,0.500,13.600,70,0.812,30,0,2000,58.800,41.200,0,0,2.300,0.900,30,35,100,X333,WALMART,NO,YES,BENTON,COATED,COATED,LINE,YES,MOTTER94,TABLOID,,1
34175,821,2,1910,30,54,0.333,16.800,71,0.750,25,18,2000,45,36.900,0,0,2.500,0.900,35,35,106.900,X282,MERVYNS,NO,YES,BENTON,COATED,COATED,LINE,YES,MOTTER94,TABLOID,,1
34493,824,2,1910,30,54,0.167,14.600,70,0.812,30,0,2000,58.800,41.200,0,0,1.500,0.600,30,35,106.900,X184,WALMART,NO,YES,BENTON,COATED,COATED,LINE,YES,MOTTER94,TABLOID,,1
34549,816,9,1910,45,54,0.167,18,90,0.500,26,8.300,1875,52.100,39.600,0,0,3,1,33,35,106.900,R22,TARGET,NO,YES,BENTON,COATED,COATED,LINE,YES,WOODHOE70,SPIEGEL,CANADIAN,1
34549,815,9,1910,45,54,0.367,15,100,0.750,33,2.300,2000,56.800,40.900,0,0,2.750,0.900,33,35,106.900,R23,TARGET,NO,YES,BENTON,COATED,COATED,LINE,YES,WOODHOE70,SPIEGEL,CANADIAN,1
38016,813,1,1910,45,56,0.300,15.500,78,0.750,,11.100,1350,55.500,33.300,0,0,2.200,0.900,28,35,100,F236,DUNNS,YES,YES,BENTON,UNCOATED,UNCOATED,LINE,YES,MOTTER70,CATALOG,,1
38016,813,5,1911,45,56,0.233,16,64,0.750,,11.100,1350,55.500,33.300,0,0,2.500,0.500,28,40,103.300,F38,DUNNS,YES,YES,BENTON,UNCOATED,UNCOATED,LINE,YES,MOTTER70,CATALOG,,1
34154,828,2,1910,45,56,0.333,14.900,85,1,30,17.300,1600,48.100,34.600,0,0,2.800,1,40,35,100,X91,LAZARUS,YES,YES,BENTON,UNCOATED,UNCOATED,LINE,NO,MOTTER94,TABLOID,,1
34154,828,10,1910,30,56,0.367,14.700,83,1,30,10.800,1600,53.800,35.500,0,6,2.600,1.200,40,35,100,X132,LAZARUS,YES,YES,BENTON,UNCOATED,UNCOATED,LINE,NO,MOTTER94,TABLOID,CANADIAN,1
34585,828,2,1910,57.500,57,0.367,15.300,84,1,30,19,2400,47.600,33.300,0,0,3,1,33,40,93.750,X377,AMES,NO,YES,BENTON,COATED,COATED,LINE,YES,MOTTER94,TABLOID,CANADIAN,1
34585,828,10,1910,57.500,57,,14.200,78,1,30,10.500,2400,52.600,36.800,0,0,2.500,1,33,40,93.750,X129,AMES,NO,YES,BENTON,COATED,COATED,LINE,YES,MOTTER94,TABLOID,CANADIAN,1
38061,815,1,1911,47.500,49,0.367,15,84,0.750,28,2.200,1600,54.300,43.500,0,0,3,0.900,34,30,108.100,T204,GALLS,YES,YES,BENTON,UNCOATED,UNCOATED,XYLOL,,WOODHOE70,SPIEGEL,NORTHUS,0
25437,821,7,1911,57.500,51,0.333,15.200,70,0.625,25,11.100,1850,50.500,38.400,3,0,2.500,0.800,34,30,100,X197,TVGUIDE,YES,YES,BENTON,UNCOATED,UNCOATED,LINE,NO,MOTTER94,TABLOID,NORTHUS,1
25437,821,2,1911,57.500,51,0.267,15.600,81,0.750,25,9.800,1850,49,41.200,0,0,2.700,0.600,34,30,100,X138,TVGUIDE,YES,YES,BENTON,UNCOATED,UNCOATED,LINE,NO,MOTTER94,TABLOID,NORTHUS,1
38013,824,2,1910,40,55,0.533,15.400,80,0.812,30,10.200,2400,51,38.800,0,0,1.700,0.700,30,45,93.750,X727,AMES,NO,YES,BENTON,UNCOATED,COATED,LINE,YES,MOTTER94,TABLOID,,1
38013,824,9,1910,45,55,0.300,16.100,82,0.750,30,0,2400,58.800,41.200,0,0,2,0.800,30,45,93.750,X60,AMES,NO,YES,BENTON,UNCOATED,COATED,LINE,YES,MOTTER94,TABLOID,,1
34399,813,1,1911,40,54,0.300,15,70,,,10,,50,40,0,0,2.500,0.800,60,30,100,F192,COMPETITIVEDGE,YES,YES,BENTON,UNCOATED,UNCOATED,LINE,YES,MOTTER70,CATALOG,NORTHUS,1
34399,813,5,1910,42.500,54,0.300,15,70,,,13.400,1500,48.100,38.500,2,0,2.500,1,60,45,93.750,M254,COMPETITIVEDGE,YES,YES,BENTON,UNCOATED,UNCOATED,LINE,YES,MOTTER70,CATALOG,NORTHUS,1
34066,802,7,1910,52.500,55,0.333,14,70,0.625,55,7.900,1600,57.500,34.440,4,0,3,0.800,40,45,93.750,I353,AUSTADS,YES,YES,BENTON,UNCOATED,UNCOATED,LINE,NO,ALBERT70,CATALOG,CANADIAN,1
34066,802,2,1910,52.500,55,0.433,14,80,,55,9.900,1600,49.500,40.600,0,0,3,0.500,40,45,93.750,I346,AUSTADS,YES,YES,BENTON,UNCOATED,UNCOATED,LINE,YES,ALBERT70,CATALOG,CANADIAN,1
34551,815,1,1910,35,72,0.367,15.200,72,1,36,0,2200,65.200,34.800,0,0,2.500,1,30,40,93.600,R6,TARGET,NO,YES,BENTON,COATED,COATED,LINE,YES,WOODHOE70,SPIEGEL,CANADIAN,0
34551,815,1,1910,35,56,0.267,15,70,1,33,0,2350,65.200,34.800,0,0,2.500,1,30,40,93.750,R6,TARGET,NO,YES,BENTON,COATED,COATED,LINE,NO,WOODHOE70,SPIEGEL,CANADIAN,0
34749,816,2,,,46,,16,72,0.500,32,0,1673,58.800,41.200,0,0,2.500,1.500,30,,,G657,COLORTILE,NO,YES,BENTON,COATED,COATED,LINE,NO,WOODHOE70,TABLOID,CANADIAN,0
34551,815,1,1910,40,60,0.200,15.500,73,0.750,28,0,1850,65.200,34.800,0,0,2.800,1,30,40,100,R7,TARGET,NO,YES,BENTON,COATED,COATED,LINE,NO,WOODHOE70,SPIEGEL,CANADIAN,0
47103,802,7,1911,60,50,0.233,14.500,70,0.750,45,15.600,1650,45.800,38.500,2,0,2.500,1,40,40,100,F126,MODMAT,YES,YES,BENTON,UNCOATED,UNCOATED,LINE,NO,ALBERT70,CATALOG,NORTHUS,1
47105,816,2,1910,60,50,0.267,14.900,88,0.375,32,10.300,1700,51.500,38.100,5,0,3,1.300,40,40,103.300,F159,MODMAT,YES,YES,BENTON,UNCOATED,UNCOATED,LINE,NO,WOODHOE70,CATALOG,NORTHUS,1
47103,802,2,1910,60,50,0.300,14.500,60,0.750,40,19,1650,47.600,33.300,0,0,2.500,1,40,40,103.300,F337,MODMAT,YES,YES,BENTON,UNCOATED,UNCOATED,LINE,NO,ALBERT70,CATALOG,NORTHUS,1
47105,816,9,1910,65,50,0.267,15,86,0.250,28,10.500,1700,52.600,36.800,2,0,2.500,0.600,40,40,103.300,F679,MODMAT,YES,YES,UDDEHOLM,UNCOATED,UNCOATED,LINE,NO,WOODHOE70,CATALOG,NORTHUS,1
47105,813,5,1911,55,47,0.367,13,70,,,14.100,1600,50.500,35.300,0,0,2.500,0.500,40,35,106.250,M103,MODMAT,YES,YES,BENTON,UNCOATED,UNCOATED,LINE,YES,MOTTER70,CATALOG,NORTHUS,1
47105,813,1,1911,65,47,0.367,12,68,,,0,1600,58.800,41.200,0,0,2.800,0.800,40,35,106.250,M309,MODMAT,YES,YES,BENTON,UNCOATED,UNCOATED,LINE,YES,MOTTER70,CATALOG,NORTHUS,1
47105,813,10,1911,55,47,0.233,15.500,74,,,0,1600,62.500,37.500,0,0,2.500,1,40,35,106.250,T284,MODMAT,YES,YES,BENTON,COATED,COATED,LINE,YES,MOTTER70,CATALOG,NORTHUS,1
47105,813,9,1910,55,47,0.200,14,71,,,0,1600,62.500,37.500,0,0,2.500,0.700,40,40,90.300,T333,MODMAT,YES,YES,BENTON,COATED,COATED,LINE,YES,MOTTER70,CATALOG,NORTHUS,1
47105,816,9,1910,65,60,0.267,14.500,80,0.250,38,15.800,1900,49.500,34.600,0,0,2.900,0.700,40,40,103.300,F679,MODMAT,YES,YES,BENTON,UNCOATED,UNCOATED,LINE,YES,WOODHOE70,CATALOG,NORTHUS,1
47105,816,2,1910,60,60,0.267,14,76,0.375,30,10.300,1900,51.500,38.100,5,0,2.600,1.100,40,40,103.300,F159,MODMAT,YES,YES,BENTON,UNCOATED,UNCOATED,LINE,YES,WOODHOE70,CATALOG,NORTHUS,1
34551,815,1,1910,40,49,0.267,14,82,0.625,30,0,2150,65.200,34.800,1,0,2.500,0.900,30,40,93.750,R6,TARGET,NO,YES,BENTON,COATED,COATED,LINE,NO,WOODHOE70,SPIEGEL,CANADIAN,0
36197,815,1,1910,55,50,0.133,14,80,0.625,32,8,2000,60,32,0,0,2.500,0.900,35,40,93.550,G55,KMART,NO,YES,BENTON,UNCOATED,COATED,LINE,NO,WOODHOE70,TABLOID,NORTHUS,0
36197,815,1,1910,55,48,0.367,14.500,76,0.500,30,8,2000,60,32,0,0,2.500,1,35,40,93.550,G55,KMART,NO,YES,BENTON,UNCOATED,COATED,LINE,YES,WOODHOE70,TABLOID,NORTHUS,0
25441,821,7,1910,55,50,0.267,17,89,1,22,10.400,1650,52.100,37.500,0.750,0,2.500,1.100,34,40,93.550,X753,TVGUIDE,YES,YES,BENTON,UNCOATED,UNCOATED,LINE,NO,MOTTER94,TABLOID,NORTHUS,0
36197,816,2,1911,55,50,0.200,17,78,0.250,32,9.700,1900,52.200,38.100,0,0,3,0.900,35,40,96.970,G150,KMART,NO,YES,BENTON,UNCOATED,UNCOATED,LINE,YES,WOODHOE70,TABLOID,MIDEUROPEAN,0
34754,824,2,1910,42.500,48,0.200,16,70,0.812,35,0,2050,66.700,33.300,2,0,1.700,1,30,40,93.550,X271,TOYSRUS,NO,NO,BENTON,COATED,COATED,LINE,YES,MOTTER94,TABLOID,CANADIAN,1
34754,824,9,1910,42.500,48,0.200,15,76,0.875,30,3.600,2050,60.200,36.200,0,0,2.500,1,30,40,93.550,X251,TOYSRUS,NO,NO,BENTON,COATED,COATED,LINE,NO,MOTTER94,TABLOID,CANADIAN,1
36578,827,9,1911,35,48,0.233,14.500,76,0.750,20,0,2225,62.500,37.500,4,0,2.700,1.200,33,40,106.250,X326,WALMART,NO,YES,BENTON,COATED,COATED,LINE,NO,MOTTER94,TABLOID,MIDEUROPEAN,1
36578,827,2,1911,35,48,0.300,14.500,74,0.750,20,0,2225,62.500,37.500,4,0,2,1.200,33,40,106.250,X206,WALMART,NO,YES,BENTON,COATED,COATED,LINE,NO,MOTTER94,TABLOID,MIDEUROPEAN,1
34551,815,9,1910,30,48,0.233,15,88,0.750,35,7.700,,57.700,34.600,0,0,2.800,0.800,30,40,100,R9,TARGET,NO,YES,BENTON,COATED,COATED,LINE,YES,WOODHOE70,SPIEGEL,CANADIAN,1
25440,821,2,1911,47.500,49,0.433,14.500,88,0.625,25,34.500,2000,43.500,22,0,0,2.500,0.700,40,40,96.970,X820,TVGUIDE,YES,YES,,UNCOATED,UNCOATED,LINE,NO,MOTTER94,TABLOID,NORTHUS,1
47105,813,1,1911,60,48,0.367,14,76,1,,5.600,1600,55.600,38.800,0,0,2.500,0.700,40,40,96.970,F337,MODMAT,YES,YES,BENTON,UNCOATED,UNCOATED,LINE,YES,MOTTER70,CATALOG,NORTHUS,1
47105,813,5,1911,60,48,0.400,16,72,1,,15.200,1600,44.600,40.200,0,4,2.100,0.700,40,40,96.970,F126,MODMAT,YES,YES,BENTON,UNCOATED,UNCOATED,LINE,YES,MOTTER70,CATALOG,NORTHUS,1
36197,816,9,1911,47.500,52,0.300,15.200,76,0.750,30,17.500,1700,48.700,33.800,0,0,2.500,0.800,35,40,114.300,G71,KMART,NO,YES,BENTON,UNCOATED,UNCOATED,LINE,NO,WOODHOE70,TABLOID,NORTHUS,0
38059,802,7,1911,42.500,52,0.333,16.800,80,0.625,40,0,1700,54.300,45.700,3,0,3,1,34,40,107.400,M74,CASLIVING,YES,YES,BENTON,UNCOATED,UNCOATED,LINE,YES,ALBERT70,CATALOG,NORTHUS,1
36197,815,9,1911,47.500,53,0.300,15,72,0.750,25,22,1500,45.900,32.100,0,0,2.500,0.800,35,40,114.300,G67,KMART,NO,YES,BENTON,UNCOATED,UNCOATED,LINE,YES,WOODHOE70,TABLOID,MIDEUROPEAN,0
36197,815,2,1911,47.500,58,0.333,14,85,0.750,28,16.500,1800,48.500,35,0,0,2.500,0.500,35,40,114.300,G84,KMART,NO,YES,BENTON,UNCOATED,UNCOATED,LINE,YES,WOODHOE70,TABLOID,MIDEUROPEAN,0
36197,816,2,1910,55,48,0.233,18,76,0.250,24,10,1600,60,30,0,0,3,0.900,35,40,93.550,G150,KMART,NO,YES,BENTON,UNCOATED,UNCOATED,LINE,YES,WOODHOE70,TABLOID,MIDEUROPEAN,0
38218,821,7,1911,30,52,0.333,16.500,80,0.625,40,0,1800,58.100,41.900,1,0,2.500,0.400,35,40,107.400,X828,BRENDLS,NO,YES,BENTON,COATED,COATED,LINE,YES,MOTTER94,TABLOID,CANADIAN,0
38059,802,2,1910,42.500,52,0.233,18,70,0.625,45,0,1700,58.800,41.200,0,0,3,0.700,34,40,103.125,M65,CASLIVING,YES,YES,BENTON,UNCOATED,UNCOATED,LINE,NO,ALBERT70,CATALOG,NORTHUS,1
25443,821,7,1911,47.500,54,0.300,14,65,0.625,25,16.100,1500,44.600,39.300,4,0,2.500,1,34,40,114.290,X367,TVGUIDE,YES,YES,BENTON,UNCOATED,UNCOATED,LINE,YES,MOTTER94,TABLOID,NORTHUS,0
38240,802,7,1911,60,46,0.333,,80,0.625,50,12.400,1391,51.500,36.100,2,0,2.700,1,38.500,40,114.290,T178,SERVMERCH,YES,YES,BENTON,UNCOATED,UNCOATED,XYLOL,YES,ALBERT70,CATALOG,MIDEUROPEAN,1
38240,802,2,1911,60,46,0.333,,70,0.625,50,19,1391,47.600,33.300,0,0,2.700,0.700,38.500,40,114.290,T200,SERVMERCH,YES,YES,BENTON,UNCOATED,UNCOATED,XYLOL,YES,ALBERT70,CATALOG,MIDEUROPEAN,1
34522,816,9,1911,35,50,0.300,14,74,0.250,28,0,2500,58.800,41.200,0,0,2.500,0.700,30,40,114.290,R34,TARGET,NO,YES,BENTON,COATED,UNCOATED,LINE,YES,WOODHOE70,SPIEGEL,NORTHUS,1
34522,816,2,1911,40,50,0.300,13,74,0.250,25,0,2500,58.800,41.200,2,0,2.500,0.500,30,40,114.290,R15,TARGET,NO,YES,BENTON,COATED,UNCOATED,LINE,YES,WOODHOE70,SPIEGEL,NORTHUS,1
34587,827,2,1911,30,53,0.333,14,85,0.750,30,15,2290,50,35,0,0,2,1.500,33,40,110.700,X420,AMES,NO,YES,BENTON,COATED,COATED,LINE,NO,MOTTER94,TABLOID,CANADIAN,1
34587,827,9,1911,30,53,0.300,15,80,0.750,30,15,2290,50,35,0,0,2.500,1,33,40,110.700,X389,AMES,NO,YES,BENTON,COATED,COATED,LINE,NO,MOTTER94,TABLOID,CANADIAN,1
34756,824,2,1911,30,54,0.333,16.300,80,0.812,30,0,2100,60,40,3,0,2.500,1.200,30,40,114.290,X37,TOYSRUS,NO,NO,BENTON,COATED,COATED,LINE,YES,MOTTER94,TABLOID,CANADIAN,1
34756,824,9,1911,30,54,,14.900,72,1.250,30,3.600,2100,60.200,36.100,1.500,0,2.500,1.200,30,40,114.290,X771,TOYSRUS,NO,NO,BENTON,COATED,COATED,LINE,YES,MOTTER94,TABLOID,CANADIAN,1
34996,816,9,1910,35,43,0.367,13,75,0.750,,0,2000,62.500,37.500,0,0,2.500,1.100,30,40,100,G465,WOOLWRTH,NO,YES,BENTON,COATED,COATED,LINE,YES,WOODHOE70,TABLOID,,0
25445,821,7,1910,52.500,43,0.267,15,71,0.750,28,7.400,1500,53.200,39.400,0,0,2.500,1,34,40,98.300,X185,TVGUIDE,YES,YES,BENTON,UNCOATED,UNCOATED,LINE,YES,MOTTER94,TABLOID,NORTHUS,0
36165,828,2,1910,65,43,0.200,16,78,0.750,30,12,2100,46.300,41.700,0,0,2,1,40,40,100,X199,KMART,YES,YES,BENTON,UNCOATED,UNCOATED,LINE,NO,MOTTER94,TABLOID,NORTHUS,0
36165,828,9,1910,65,42,0.233,17.500,100,1.125,25,17.500,2250,48.500,34,0,0,2.500,1,40,40,100,X251,KMART,YES,YES,BENTON,UNCOATED,UNCOATED,LINE,NO,MOTTER94,TABLOID,NORTHUS,1
36165,828,2,1910,65,42,0.200,17,80,1,22,15,2250,50,35,1,0,2.500,1,40,40,100,X199,KMART,YES,YES,BENTON,UNCOATED,UNCOATED,LINE,NO,MOTTER94,TABLOID,NORTHUS,1
34588,815,9,1910,37.500,43,0.200,16,76,0.938,,0,2180,62.500,37.500,2,0,2.900,1.200,33,40,96.770,G519,AMES,NO,YES,BENTON,COATED,COATED,LINE,YES,WOODHOE70,TABLOID,CANADIAN,0
36059,815,2,,,42,,16.100,73,0.625,30,0,2000,61.900,38.100,0,0,2.800,1,30,,,G459,WARDS,,YES,BENTON,COATED,COATED,LINE,YES,WOODHOE70,TABLOID,CANADIAN,0
34996,816,9,1910,35,43,0.367,13,75,0.750,,0,2000,62.500,37.500,0,0,2.500,1.100,30,40,100,G465,WOOLWORTH,NO,YES,BENTON,COATED,COATED,LINE,YES,WOODHOE70,TABLOID,,0
34996,816,9,1910,35,42,0.300,15.900,78,0.375,32,0,2150,62.500,37.500,0,0,1.700,0.900,30,40,101.670,G3,WOOLWORTH,NO,YES,BENTON,COATED,COATED,LINE,YES,WOODHOE70,TABLOID,,0
34588,815,2,1910,40,43,0.233,15.500,85,0.750,25,4.700,2000,58.100,37.200,0,0,2.500,1,33,40,96.770,G98,AMES,NO,YES,BENTON,COATED,COATED,LINE,NO,WOODHOE70,TABLOID,CANADIAN,0
34588,815,2,1910,40,43,0.267,17.200,78,0.938,,1,2180,58.300,40.700,2,0,2.400,0.800,33,40,96.770,G625,AMES,NO,YES,BENTON,COATED,COATED,LINE,YES,WOODHOE70,TABLOID,CANADIAN,0
25466,821,7,1910,50,43,0.267,17,72,0.625,30,14.300,1600,47.600,38.100,0,0,2.500,1,34,40,96.770,X129,TVGUIDE,YES,YES,BENTON,UNCOATED,UNCOATED,LINE,YES,MOTTER94,TABLOID,NORTHUS,0
25477,821,7,1911,50,42,0.200,17,73,0.438,20,18.500,1800,46.300,35.100,2,0,2.500,1,34,40,100,X243,TVGUIDE,YES,YES,BENTON,UNCOATED,UNCOATED,LINE,NO,MOTTER94,TABLOID,NORTHUS,0
47106,802,2,1910,40,43,0.200,13.500,76,0.750,52,4.400,1726,55,40.600,0,0,3,1,40,40,96.770,T281,MODMAT,YES,YES,BENTON,UNCOATED,UNCOATED,LINE,YES,ALBERT70,CATALOG,CANADIAN,1
34716,816,9,1910,40,43,0.267,16.400,79,0.312,35,0.500,2400,59.500,40,0.500,0,2.600,1.100,35,40,96.770,G81,HILLS,NO,YES,BENTON,UNCOATED,COATED,LINE,YES,WOODHOE70,TABLOID,NORTHUS,1
34716,816,9,1910,40,51,0.233,15,70,0.250,24,0.500,0,59.500,40,0,0,3,1,35,40,100,G81,HILLS,NO,YES,BENTON,UNCOATED,COATED,LINE,NO,WOODHOE70,TABLOID,NORTHUS,0
34997,815,1,1910,32.500,43,0.200,13,80,0.750,28,0,1500,62.500,37.500,0,0,0,0,30,40,100,G462,WOOLWORTH,NO,YES,BENTON,COATED,COATED,LINE,NO,WOODHOE70,TABLOID,CANADIAN,0
34716,816,2,1910,40,43,0.233,15.600,81,0.500,34,0,2400,62.500,37.500,5,0,,0.900,35,40,96.770,G108,HILLS,NO,YES,BENTON,UNCOATED,COATED,LINE,YES,WOODHOE70,TABLOID,NORTHUS,1
34716,816,7,1910,37.500,43,0.200,15.800,80,0.500,32,0,2400,62.500,37.500,5,0,2.500,0.900,35,40,96.770,G640,HILLS,NO,YES,BENTON,UNCOATED,COATED,LINE,YES,WOODHOE70,TABLOID,NORTHUS,1
34553,827,2,1910,45,42,0.267,14.900,75,1,25,10.500,1660,52.600,36.900,0,0,2.500,1,30,40,101.670,O28,TARGET,NO,YES,BENTON,COATED,COATED,LINE,YES,MOTTER94,SPIEGEL,CANADIAN,1
34553,827,9,1910,45,42,0.200,14,80,,20,7.600,,54.300,38.100,0,0,,,30,40,101.670,O21,TARGET,NO,YES,BENTON,COATED,COATED,LINE,YES,MOTTER94,SPIEGEL,CANADIAN,1
36166,828,2,1910,45,43,0.200,16,80,0.750,30,3.100,2200,51,45.900,0,0,2.500,1.300,35,40,103.330,X127,KMART,NO,YES,BENTON,UNCOATED,COATED,LINE,NO,MOTTER94,TABLOID,NORTHUS,1
36166,828,9,1910,50,43,0.200,15.500,72,0.750,30,5.100,2200,50.600,44.300,0,0,2.500,1.300,35,40,96.770,X374,KMART,NO,YES,BENTON,UNCOATED,COATED,LINE,NO,MOTTER94,TABLOID,NORTHUS,1
47106,802,7,1910,40,45,0.233,13.600,90,0.750,45,0,1386,62.500,37.500,0,0,3,0.700,40,40,96.770,F601,MODMAT,YES,YES,BENTON,UNCOATED,UNCOATED,LINE,NO,ALBERT70,CATALOG,NORTHUS,0
47106,802,7,1910,40,42,0.200,15,65,0.750,55,0,1650,62.500,37.500,0,0,2.500,1,40,40,96.770,F601,MODMAT,YES,YES,BENTON,UNCOATED,UNCOATED,LINE,NO,ALBERT70,CATALOG,NORTHUS,0
34442,821,7,1910,50,43,0.267,14,74,0.625,20,2.200,1800,56.200,41.600,0,0,3,1,38,40,96.875,X795,BRENDLS,YES,YES,BENTON,UNCOATED,UNCOATED,LINE,NO,MOTTER94,TABLOID,NORTHUS,0
34997,815,9,1910,50,47,0.200,16.200,74,0.750,28,10.800,2000,53.400,35.800,0,0,2.500,1.300,30,40,100,G604,WOOLWORTH,NO,YES,BENTON,COATED,COATED,LINE,YES,WOODHOE70,TABLOID,CANADIAN,0
34997,815,2,1910,50,47,0.267,16,92,0.750,35,0,1800,68,32,1,0,2.600,1.200,30,40,100,G5,WOOLWORTH,NO,YES,BENTON,COATED,COATED,LINE,YES,WOODHOE70,TABLOID,CANADIAN,0
34759,816,1,1910,32.500,47,0.267,16.100,88,0.312,28,0,2189,62.500,37.500,0,0,2.400,0.800,30,40,100,W357,TOYSRUS,NO,NO,BENTON,COATED,COATED,LINE,YES,WOODHOE70,SPIEGEL,CANADIAN,1
34759,816,2,1910,32.500,47,0.200,20,79,0.312,29,0,2189,58.100,41.900,5,0,2.500,1.250,30,40,100,W364,TOYSRUS,NO,NO,BENTON,COATED,COATED,LINE,YES,WOODHOE70,SPIEGEL,CANADIAN,1
34781,816,2,1910,70,43,0.300,18.100,78,0.500,28,14.400,2125,48.100,37.500,5,0,3,0.900,33,40,100,G60,JCP,NO,YES,BENTON,UNCOATED,COATED,LINE,YES,WOODHOE70,TABLOID,NORTHUS,1
34781,816,9,1910,70,43,0.233,16,77,0.818,28,15.900,2125,46.500,37.600,3,0,1.750,0.600,33,40,100,G412,JCP,NO,YES,BENTON,UNCOATED,COATED,LINE,YES,WOODHOE70,TABLOID,NORTHUS,1
34759,816,9,1910,40,47,0.200,16.530,78,0.812,24,0,2189,58.800,41.200,0,0,2,0.800,30,40,100,W406,TOYSRUS,NO,NO,BENTON,COATED,COATED,LINE,YES,WOODHOE70,SPIEGEL,CANADIAN,1
34997,815,2,1910,32.500,45,0.233,14,94,0.625,25,0,1800,66.700,33.300,0,0,2.100,1,30,40,100,G628,WOOLWORTH,NO,YES,BENTON,COATED,COATED,LINE,YES,WOODHOE70,TABLOID,CANADIAN,0
34259,815,1,1911,40,47,0.267,15,88,0.500,34,0,1700,62.500,37.500,0,0,0,0,30,40,100,W395,TOYSRUS,NO,NO,BENTON,COATED,COATED,LINE,NO,WOODHOE70,SPIEGEL,CANADIAN,0
47106,802,2,1911,40,46,0.300,15,70,0.750,50,0,1800,53.900,46.100,0,0,2.500,1,40,40,100,T281,MODMAT,YES,YES,BENTON,UNCOATED,UNCOATED,LINE,YES,ALBERT70,CATALOG,NORTHUS,0
47106,802,7,1911,40,50,0.233,14,70,0.750,45,0,1800,60.200,39.800,0,0,2.500,1,40,40,100,F601,MODMAT,YES,YES,BENTON,UNCOATED,UNCOATED,LINE,NO,ALBERT70,CATALOG,NORTHUS,0
25447,821,2,1911,45,41,0.200,15,78,0.750,20,14.600,1800,48.500,36.900,0,0,2.500,1,34,40,100,X760,TVGUIDE,YES,YES,BENTON,UNCOATED,UNCOATED,LINE,NO,MOTTER94,TABLOID,NORTHUS,1
34554,827,2,1910,45,42,0.200,14,75,1,20,11.200,1800,51,37.800,8,0,2.500,1,35,40,100,O1,TARGET,NO,YES,BENTON,UNCOATED,COATED,LINE,YES,MOTTER94,SPIEGEL,NORTHUS,1
34554,827,9,1911,45,42,0.333,14,75,1,20,0,1800,58.900,41.100,8,0,3,2,35,40,100,O14,TARGET,NO,YES,BENTON,UNCOATED,COATED,LINE,YES,MOTTER94,SPIEGEL,NORTHUS,1
36167,828,2,1910,45,41,0.333,15.800,78,1,40,0,2300,62.500,37.500,4,0,2.500,1.400,35,40,100,X770,KMART,NO,,BENTON,UNCOATED,COATED,LINE,YES,MOTTER94,TABLOID,SCANDANAVIAN,1
36167,828,9,1910,45,41,0.200,14.600,74,1,32,21,2300,47.600,31.400,4,0,2.500,1.100,35,40,96.770,X766,KMART,NO,,BENTON,UNCOATED,COATED,LINE,YES,MOTTER94,TABLOID,SCANDANAVIAN,1
25450,821,7,1910,45,42,0.400,14.800,72,0.625,20,0,1800,58.800,41.200,0,0,2.500,0.900,34,40,106.250,X001,TVGUIDE,YES,YES,BENTON,UNCOATED,UNCOATED,LINE,YES,MOTTER94,TABLOID,NORTHUS,1
36805,815,9,1910,50,42,0.267,16,88,0.750,33,11.500,1650,52.100,36.400,0,0,2.500,1,38,40,106.250,G81,LURIAS,YES,YES,BENTON,UNCOATED,UNCOATED,LINE,YES,WOODHOE70,TABLOID,MIDEUROPEAN,1
36805,815,2,1910,50,42,0.300,17,88,0.750,30,0,1600,62.500,27.500,5,0,2.600,1,38,40,106.250,G5,LURIAS,YES,YES,BENTON,UNCOATED,UNCOATED,LINE,NO,WOODHOE70,TABLOID,MIDEUROPEAN,0
36805,815,2,1910,50,42,0.233,15,90,1,35,0,1650,55.500,44.500,0,0,2.500,1,38,40,100,G5,LURIAS,YES,YES,BENTON,UNCOATED,COVER,LINE,YES,WOODHOE70,TABLOID,MIDEUROPEAN,0
25450,821,2,,50,42,0.367,15.500,73,0.625,20,3.600,1800,60.200,36.200,0,0,2.500,0.900,34,40,106.250,X019,TVGUIDE,YES,YES,BENTON,UNCOATED,UNCOATED,LINE,YES,MOTTER94,TABLOID,NORTHUS,1
38120,815,2,1910,45,43,0.300,20,84,0.625,33,,1200,,,0,0,2.500,0.500,40,40,106.250,T351,AUSTADS,YES,YES,,UNCOATED,COVER,LINE,YES,WOODHOE70,CATALOG,NORTHUS,0
34692,824,2,1910,45,42,0.300,15,70,0.812,40,0,1500,58.800,41.200,3,0,2,1,30,40,100,X304,ECKERDS,NO,YES,BENTON,COATED,UNCOATED,LINE,NO,MOTTER94,TABLOID,CANADIAN,0
35001,816,9,1910,40,42,0.200,12.700,84,0.500,32,0,1750,62.500,37.500,0,0,2.500,0.900,40,40,100,W30,SHEPLERS,YES,YES,BENTON,UNCOATED,UNCOATED,LINE,YES,WOODHOE70,SPIEGEL,NORTHUS,1
23048,821,7,1910,40,42,0.333,15.500,64,0.625,20,10.500,1550,52.600,36.900,0,0,2,0.600,40,40,106.250,X220,GUIDEPOSTS,YES,YES,BENTON,UNCOATED,UNCOATED,LINE,YES,MOTTER94,TABLOID,,1
23048,821,2,1910,40,42,0.333,16,78,0.625,20,0,1550,62.500,37.500,0,0,2.500,1,40,40,106.250,X809,GUIDEPOSTS,YES,YES,BENTON,UNCOATED,UNCOATED,LINE,YES,MOTTER94,TABLOID,,1
27490,802,2,1910,32,42,0.233,16,70,0.625,46,0,1350,60.200,39.800,0,0,3,1,34,40,100,M208,ABBEYPRESS,NO,YES,BENTON,UNCOATED,COATED,LINE,NO,ALBERT70,CATALOG,NORTHUS,1
27490,802,7,1910,32,42,0.233,16,70,0.625,48,0,1350,63.900,36.100,0,0,3,1,34,40,100,F466,ABBEYPRESS,NO,YES,BENTON,UNCOATED,COATED,LINE,NO,ALBERT70,CATALOG,NORTHUS,1
25452,821,7,1910,67.500,50,0.167,16.500,73,0.875,20,18.100,1800,47.600,34.300,0,0,2.500,0.800,34,40,110.710,X295,TVGUIDE,YES,YES,BENTON,UNCOATED,UNCOATED,LINE,YES,MOTTER94,TABLOID,NORTHUS,0
38121,815,9,1911,45,60,0.300,16,88,0.750,33,0,1500,56.800,43.200,0,0,2.900,1.100,40,40,103.220,I010,AUSTADS,YES,YES,BENTON,UNCOATED,UNCOATED,LINE,YES,WOODHOE70,CATALOG,CANADIAN,0
35001,816,2,1910,42,42,0.267,14.500,78,1,28,0,1800,61.700,38.300,0,0,2.500,2,40,40,100,W785,SHEPLERS,YES,YES,BENTON,UNCOATED,COVER,LINE,NO,WOODHOE70,SPIEGEL,NORTHUS,0
38121,815,2,1910,45,40,0.300,16,89,0.625,22,0,1300,60,40,1,0,2.500,1,40,40,106.450,I349,AUSTADS,YES,YES,BENTON,UNCOATED,COVER,LINE,NO,WOODHOE70,CATALOG,CANADIAN,0
38121,815,2,1910,45,42,0.267,14,89,0.750,26,0,1450,58.800,41.200,1,0,2.500,1,40,40,103.220,I317,AUSTADS,YES,YES,BENTON,UNCOATED,COVER,LINE,NO,WOODHOE70,CATALOG,CANADIAN,0
35525,815,9,1910,40,54,0.300,14.800,87,,29,0,1000,58.800,41.200,0,0,2.900,1,40,40,106.450,F219,DOWNS,YES,YES,BENTON,UNCOATED,UNCOATED,LINE,NO,WOODHOE70,CATALOG,NORTHUS,0
38121,815,9,1910,45,42,0.367,16,83,0.625,30,0,1950,58.800,41.200,0,0,2.500,1,40,40,106.450,I331,AUSTADS,YES,YES,BENTON,UNCOATED,UNCOATED,LINE,NO,WOODHOE70,CATALOG,CANADIAN,0
34099,802,2,1910,45,41,0.267,13.300,70,0.750,50,0,1700,60.200,39.800,0,0,3,0.800,38,40,117.850,F121,HANOVERHSE,YES,YES,BENTON,UNCOATED,UNCOATED,LINE,NO,ALBERT70,CATALOG,NORTHUS,1
34099,802,7,1910,45,41,0.267,13.300,70,0.750,50,0,1700,63.900,36.100,0,0,3,0.700,38,40,117.850,F133,HANOVERHSE,YES,YES,BENTON,UNCOATED,UNCOATED,LINE,NO,ALBERT70,CATALOG,NORTHUS,1
35001,816,9,,35,42,0.200,15.500,80,1,26,0,1800,62.500,37.500,3,0,2.500,2,40,40,100,W30,SHEPLERS,YES,YES,BENTON,UNCOATED,UNCOATED,LINE,NO,WOODHOE70,SPIEGEL,NORTHUS,1
25452,821,2,1910,65,50,0.200,15.100,75,0.625,20,19,1800,47.600,33.400,0,0,2.700,0.600,34,40,110.710,X837,TVGUIDE,YES,YES,BENTON,UNCOATED,UNCOATED,LINE,YES,MOTTER94,TABLOID,NORTHUS,1
25451,821,7,1910,55,40,0.300,15.100,69,0.625,20,19.500,1450,44.200,36.300,0,0,2.500,0.900,34,40,106.450,X819,TVGUIDE,YES,YES,BENTON,UNCOATED,UNCOATED,LINE,YES,MOTTER94,TABLOID,NORTHUS,1
48201,815,2,1911,62,52,0.433,15,78,0.750,28,5.900,1400,58.800,35.300,4,0,2.500,0.800,40,40,103.220,B125,MODMAT,YES,YES,BENTON,UNCOATED,UNCOATED,LINE,YES,WOODHOE70,CATALOG,NORTHUS,0
34556,816,2,1910,37.500,42,0.200,16,70,0.375,28,0,2400,58.800,41.200,3,0,3,0.800,30,40,106.450,R32,TARGET,NO,YES,BENTON,COATED,COATED,LINE,YES,WOODHOE70,SPIEGEL,CANADIAN,0
35525,815,2,1910,40,54,0.267,22.200,77,0.625,32,6.250,1000,56.250,37.500,0,0,3,1.200,40,40,106.450,F372,DOWNS,YES,YES,BENTON,UNCOATED,UNCOATED,LINE,YES,WOODHOE70,CATALOG,NORTHUS,0
34556,816,9,1910,37.500,40,0.200,14,80,0.250,24,0,2400,58.800,41.200,2,0,2.500,0.800,30,40,106.450,R1,TARGET,NO,YES,BENTON,COATED,COATED,LINE,YES,WOODHOE70,SPIEGEL,CANADIAN,1
34556,816,2,1910,37.500,50,,15.500,95,0.625,26,0,2350,62.500,37.500,1,0,2.600,0.600,30,40,106.450,R3,TARGET,NO,YES,BENTON,COATED,COATED,LINE,YES,WOODHOE70,SPIEGEL,CANADIAN,1
34556,816,2,1910,37.500,41,,15,80,0.500,30,0,2398,58.800,41.200,9,0,2.500,0.700,30,40,106.450,R9,TARGET,NO,YES,BENTON,COATED,COATED,LINE,YES,WOODHOE70,SPIEGEL,CANADIAN,1
34590,827,9,1910,50,40,0.300,15,72,0.750,30,0,2233,58.800,41.200,8,0,1.500,1,33,40,106.450,X342,AMES,NO,YES,BENTON,COATED,COATED,LINE,YES,MOTTER94,TABLOID,CANADIAN,1
34590,827,2,1910,50,40,0.233,15,88,0.750,30,0,2233,58.800,41.200,8,0,3,1,33,40,106.450,X242,AMES,NO,YES,BENTON,COATED,COATED,LINE,YES,MOTTER94,TABLOID,CANADIAN,1
34693,828,2,,45,41,0.200,16.100,74,1,30,0,1800,62.500,37.500,1,0,2.500,1.200,30,40,106.450,X221,ECKERDS,NO,YES,BENTON,COATED,COATED,LINE,YES,MOTTER94,TABLOID,CANADIAN,1
34693,828,9,1910,50,41,0.200,15.700,80,1,43,0,1800,62.500,37.500,1,0,2.500,1.500,30,40,106.450,X108,ECKERDS,NO,YES,BENTON,COATED,COATED,LINE,YES,MOTTER94,TABLOID,CANADIAN,1
34694,824,2,1910,30,41,0.333,15.500,74,0.812,30,2.500,1900,58,39.500,4.500,0,1.900,1.300,30,40,114.280,X80,ECKERDS,NO,YES,BENTON,COATED,COATED,LINE,YES,MOTTER94,TABLOID,CANADIAN,1
35525,815,2,1910,40,41,0.267,15.500,76,0.750,28,3.600,1750,60.200,36.100,4,0,3,1,40,40,117.850,F482,DOWNS,YES,YES,BENTON,UNCOATED,UNCOATED,LINE,YES,WOODHOE70,CATALOG,NORTHUS,1
25502,821,2,1911,52,52,0.267,16,78,0.750,30,14.100,1250,50.500,53.400,0,0,3,0.900,34,40,103.220,X388,TVGUIDE,YES,YES,BENTON,UNCOATED,UNCOATED,LINE,YES,MOTTER94,TABLOID,NORTHUS,0
37001,802,7,1911,45,62,0.233,15,76,0.750,50,0,1500,58.800,41.200,0,0,3,1.200,38,40,103.225,I309,CHILDCRAFT,YES,YES,BENTON,UNCOATED,UNCOATED,LINE,NO,ALBERT70,CATALOG,,0
35462,824,2,,40,58,0.200,17,75,0.056,30,0,1900,58.800,41.200,0,0,2.600,1.400,30,40,103.225,X381,ECKERDS,NO,YES,BENTON,COATED,COATED,LINE,NO,MOTTER94,TABLOID,,0
37001,802,7,1910,60,60,0.233,15,80,0.750,56,14.300,1380,47.600,38.100,0,0,3,1,38,40,106.400,I303,CHILDCRAFT,YES,YES,BENTON,UNCOATED,UNCOATED,LINE,YES,ALBERT70,CATALOG,,1
24780,816,9,1911,47.500,65,0.200,14,80,0.500,27,11.500,1725,52.100,36.400,3,0,3,0.900,34,40,103.125,T368,ABBEY,NO,YES,BENTON,UNCOATED,COATED,LINE,YES,WOODHOE70,CATALOG,,1
37371,816,2,1910,40,58,0.200,15.500,84,0.375,25,9,2000,52.800,38.200,5,0,3,1.100,35,40,103.125,Y270,KMART,NO,YES,BENTON,UNCOATED,COATED,LINE,NO,WOODHOE70,TABLOID,,1
37371,816,9,1910,40,58,0.267,15,80,0.188,,3.200,2000,53.800,43,0,0,2.500,1,35,40,103.125,Y228,KMART,NO,YES,BENTON,UNCOATED,COATED,LINE,YES,WOODHOE70,TABLOID,,1
24780,816,2,1911,47.500,65,0.200,15.700,87,0.250,,5.600,1725,55.600,38.900,3,0,3,0.850,34,40,103.125,M254,ABBEY,NO,YES,BENTON,UNCOATED,COATED,LINE,YES,WOODHOE70,CATALOG,,1
88231,816,9,1910,40,62,0.200,13.700,91,0.375,32,5.600,2300,55.600,38.900,2,0,2.500,1,33,40,100,R15,TARGET,NO,YES,BENTON,COATED,COATED,LINE,YES,WOODHOE70,SPIEGEL,,1
88231,816,2,1910,40,62,0.200,14.900,80,0.500,28,3.400,2303,56.800,39.800,2,0,2.500,0.600,33,40,100,R43,TARGET,NO,YES,BENTON,COATED,COATED,LINE,YES,WOODHOE70,SPIEGEL,,1
37182,821,2,1911,45,58,0.200,15,75,0.625,20,10.500,2100,52.600,36.800,0,0,2.500,0.700,33,40,103.125,X742,AMES,NO,YES,BENTON,COATED,COATED,LINE,YES,MOTTER94,TABLOID,,1
37182,821,7,1911,45,58,0.200,15,72,0.625,25,10.500,2100,52.600,36.800,5,0,2.500,0.800,33,40,103.125,X823,AMES,NO,YES,BENTON,COATED,COATED,LINE,YES,MOTTER94,TABLOID,,1
25530,821,7,1910,42,58,0.233,16,78,0.500,25,0,1800,58.800,41.200,5,0,2.500,1,34,40,103.125,X197,TVGUIDE,YES,YES,BENTON,UNCOATED,UNCOATED,LINE,YES,MOTTER94,TABLOID,,1
37970,802,2,1910,27.500,41,0.267,17.580,80,0.750,50,3.400,1490,56.800,39.800,0,0,3,1,35,40,103.125,F25,BESTPROD,NO,YES,BENTON,UNCOATED,COATED,LINE,YES,ALBERT70,CATALOG,,1
37970,802,7,1911,35,41,0.267,16.660,78,0.750,50,7.600,1490,54.300,38,0,0,3,1,35,40,106.700,F169,BESTPROD,NO,YES,BENTON,UNCOATED,COATED,LINE,YES,ALBERT70,CATALOG,,1
37001,802,2,1910,60,60,0.200,15,80,0.750,50,10.400,1380,47.200,42.500,0,0,3,1,38,40,106.500,I325,CHILDCRAFT,YES,YES,BENTON,UNCOATED,UNCOATED,LINE,YES,ALBERT70,CATALOG,,1
24780,802,2,1910,40,60,0.200,15,80,0.625,50,0,1400,58.800,41.200,0,0,3,0.600,34,40,103.100,F629,ABBEY,NO,YES,BENTON,UNCOATED,COATED,LINE,YES,ALBERT70,CATALOG,,1
24780,802,7,1910,,60,0.200,15,80,0.625,50,6.600,1400,54.900,38.500,6,0,3,1.100,34,40,103.100,F321,ABBEY,,YES,BENTON,UNCOATED,COATED,LINE,YES,ALBERT70,CATALOG,,1
35529,802,2,1910,45,58,0.200,17,72,0.750,,3.200,1470,53.800,43,0,0,3,1,34,40,100,R18,SHEPLERS,YES,YES,BENTON,UNCOATED,UNCOATED,LINE,YES,ALBERT70,SPIEGEL,,1
35874,824,2,1910,40,62,0.300,16.100,82,0.812,30,5.700,1800,56.800,37.500,10,0,0.700,0.500,30,40,106.500,X408,TOYSRUS,NO,NO,BENTON,COATED,COATED,LINE,NO,MOTTER94,TABLOID,,1
35874,824,9,1911,40,62,0.233,16.100,78,0.562,25,5.500,1800,55,39.500,0,0,1.600,1.500,30,40,103.230,X264,TOYSRUS,NO,NO,BENTON,COATED,COATED,LINE,NO,MOTTER94,TABLOID,,1
37508,824,9,1910,45,57,0.233,15,88,0.562,30,10.400,1900,52.100,37.500,0,0,2.500,1.800,30,40,100,X201,WARDS,NO,YES,BENTON,COATED,COATED,LINE,YES,MOTTER94,TABLOID,,1
37513,824,2,1911,40,59,0.300,16.400,85,0.812,30,0,1900,58.800,41.200,10,0,2,0.800,30,40,96.880,X57,WARDS,NO,YES,BENTON,COATED,COATED,LINE,YES,MOTTER94,TABLOID,,1
35761,828,2,1910,35,59,0.200,16.100,82,,28,0,2500,58.800,41.200,0,0,2.500,1.300,30,40,100,X799,ROSES,NO,YES,BENTON,COATED,COATED,LINE,YES,MOTTER94,TABLOID,,1
35761,828,9,1910,35,59,0.200,16.100,84,,30,0,2500,55,45,0,0,2.500,1.100,30,40,100,X753,ROSES,NO,YES,BENTON,COATED,COATED,LINE,YES,MOTTER94,TABLOID,,1
37018,816,2,1911,42.500,47,0.200,16.200,78,0.750,30,0,2100,56.200,43.800,0,0,2.500,1.200,33,40,110,W90,GURNEY,NO,YES,BENTON,COATED,COATED,LINE,YES,WOODHOE70,SPIEGEL,,0
39200,815,2,1910,40,68,0.200,14.800,90,1,30,0,1440,58.800,41.200,0,0,2.500,1,40,40,103.130,T365,ADCO,YES,YES,BENTON,UNCOATED,UNCOATED,LINE,NO,WOODHOE70,CATALOG,,0
37371,816,2,1910,40,60,0.200,15,85,1,25,6.900,2100,54,39.100,0,0,2.500,1.200,35,40,103.130,Y270,KMART,NO,YES,BENTON,UNCOATED,COATED,LINE,YES,WOODHOE70,TABLOID,,0
39027,816,2,1911,50,65,,16,80,0.500,28,12.500,1550,50,37.500,0,0,2.500,1.500,34,40,106.450,T117,HANOVERHOUSE,YES,YES,BENTON,UNCOATED,UNCOATED,LINE,YES,WOODHOE70,CATALOG,,0
39027,816,9,1910,50,60,0.267,16,78,0.500,28,4.500,1520,53,42,0,0,2.500,1.500,34,40,106.200,T312,HANOVERHOUSE,YES,YES,BENTON,UNCOATED,UNCOATED,LINE,NO,WOODHOE70,CATALOG,,0
37189,815,2,1910,40,63,0.233,15.800,80,0.750,30,10.500,2000,52.600,36.900,0,0,3,1,33,40,109.700,G48,AMES,NO,YES,BENTON,COATED,COATED,LINE,YES,WOODHOE70,TABLOID,,0
37510,815,9,1910,40,60,0.200,14.500,85,1,35,0,1250,58.800,41.200,2.500,0,1.500,1,30,40,100,T195,WARDS,NO,YES,BENTON,COATED,COATED,LINE,YES,WOODHOE70,CATALOG,,0
37964,815,2,1910,40,69,0.200,14.500,76,0.625,22,0,1250,58.800,41.200,1,0,2.500,1,35,40,100,F601,BESTPROD,NO,YES,BENTON,UNCOATED,COATED,LINE,YES,WOODHOE70,CATALOG,,0
37510,815,2,1910,45,61,0.200,14,98,0.750,30,0,1600,58.800,41.200,2,0,2.400,0.900,30,40,100,F98,WARDS,NO,YES,BENTON,COATED,COATED,LINE,NO,WOODHOE70,CATALOG,,0
37965,816,9,1910,55,61,0.283,21,78,1,28,0,1500,58.800,41.200,3,0,2.500,0.700,35,40,100,I357,BESTPROD,NO,YES,BENTON,UNCOATED,COATED,LINE,NO,WOODHOE70,CATALOG,,0
37018,816,9,1911,42.500,52,0.200,16,82,0.750,30,0,2150,58.800,41.200,0,0,2.500,1,33,40,110,W92,GURNEY,NO,YES,BENTON,COATED,COATED,LINE,YES,WOODHOE70,SPIEGEL,,0
34250,816,2,1911,50,47,0.200,15,80,0.625,28,0,1750,59,41,0,0,1,1,38,40,91.890,I365,CHILDCRAFT,YES,YES,BENTON,UNCOATED,COVER,LINE,NO,WOODHOE70,CATALOG,,0
47301,816,2,1910,,44,0.200,14.300,78,0.250,32,0,1650,56.800,43.200,3,0,2.500,2.500,40,40,100,I49,MODMAT,YES,YES,BENTON,UNCOATED,UNCOATED,LINE,YES,WOODHOE70,CATALOG,,0
47301,816,2,1911,,43,0.200,15.200,78,0.750,32,8.200,1500,51,40.800,2,0,2.700,1.800,40,40,106.250,I49,MODMAT,NO,YES,BENTON,UNCOATED,UNCOATED,LINE,YES,WOODHOE70,CATALOG,,0
47301,816,2,1911,55,44,0.200,15,70,0.625,28,8.200,1700,51,40.800,0,0,2.500,2,40,40,100,I49,MODMAT,YES,YES,BENTON,UNCOATED,UNCOATED,LINE,YES,WOODHOE70,CATALOG,,0
35880,816,2,1910,40,38,,16.500,85,0.625,30,4.300,1900,53.200,42.500,0,0,3,1,30,40,103.130,G634,TOYSRUS,NO,NO,BENTON,COATED,COATED,LINE,YES,WOODHOE70,CATALOG,,0
35880,816,2,1910,40,40,,15.700,85,0.312,27,4.300,2050,53.200,42.500,1,0,2.500,1.500,30,40,103.130,G634,TOYSRUS,NO,NO,BENTON,COATED,COATED,LINE,,WOODHOE70,TABLOID,,0
35880,816,2,1911,40,40,0.300,14.900,75,0.625,28,4.300,2000,53.200,42.500,4,0,2.500,1.500,30,40,117.860,G69,TOYSRUS,NO,NO,BENTON,COATED,COATED,LINE,YES,WOODHOE70,TABLOID,,0
25550,821,7,1911,40,47,0.200,14.500,85,0.750,25,10.500,1850,52.600,36.900,2,0,0,0,34,40,110,X768,TVGUIDE,YES,YES,BENTON,UNCOATED,UNCOATED,LINE,YES,MOTTER94,TABLOID,,0
37068,821,2,1911,40,49,0.300,17,75,0.625,30,0,1600,58.800,41.200,0,0,2.500,0.650,33,40,109.600,X13,BURDINES,NO,YES,BENTON,COATED,COATED,LINE,YES,MOTTER94,TABLOID,,0
35529,802,7,1911,47.500,58,0.217,13.100,70,,55,10,1660,50,40,0,0,2.900,1,34,40,96.880,R30,SHEPLERS,YES,YES,BENTON,UNCOATED,UNCOATED,LINE,YES,ALBERT70,SPIEGEL,,0
29442,816,2,1910,50,40,0.200,15.200,78,1,24,0,1850,58.800,41.200,0,0,2.900,1.100,40,40,103.130,G407,KIDSRUS,YES,YES,BENTON,UNCOATED,COVER,LINE,YES,WOODHOE70,TABLOID,,0
35522,802,2,1911,40,65,0.200,15,80,0.625,50,10.400,1640,47.200,42.400,1,0,3,1.500,32,40,103.130,F620,USCAV,YES,YES,BENTON,UNCOATED,UNCOATED,LINE,NO,ALBERT70,CATALOG,,0
37575,824,2,1910,30,,0.300,17,78,0.812,30,0,1700,58.800,41.200,0,0,2.500,1.200,30,40,106.250,X160,COLORTILE,NO,YES,BENTON,COATED,COATED,LINE,YES,MOTTER94,TABLOID,,0
34272,824,9,1910,30,40,0.200,14,73,0.562,30,0,1800,58.800,41.200,0,0,0,0,30,40,100,X7,COLORTILE,YES,YES,BENTON,COATED,COATED,LINE,YES,MOTTER94,TABLOID,,0
37001,802,7,1911,50,62,0.267,11.200,80,,50,0,1570,58.800,41.200,0,0,3,1,38,40,103.230,I324,CHILDCRAFT,YES,YES,BENTON,UNCOATED,UNCOATED,LINE,YES,ALBERT70,CATALOG,,0
35529,802,7,1910,45,63,0.267,15,80,0.750,50,0,1470,58.800,41.200,2,0,3,1,34,40,100,R6,SHEPLERS,YES,YES,BENTON,UNCOATED,UNCOATED,LINE,YES,ALBERT70,SPIEGEL,,0
35522,802,7,1911,37.500,65,0.200,16,80,0.625,50,6.600,1640,54.900,38.500,3,0,3,1,32,40,103.130,M374,USCAV,YES,YES,BENTON,UNCOATED,UNCOATED,LINE,NO,ALBERT70,CATALOG,,0
34514,821,7,1910,40,39,0.200,15,83,0.625,30,0,2000,58.100,41.900,1,0,2.500,0.600,35,40,100,AA1,KMART,NO,YES,BENTON,UNCOATED,COATED,LINE,YES,MOTTER94,TABLOID,,0
34514,821,7,1911,40,39,0.200,15,72,0.375,30,0,2000,58.100,41.900,1,0,2.500,0.300,35,40,109.900,AA17,KMART,NO,YES,BENTON,UNCOATED,COATED,LINE,YES,MOTTER94,TABLOID,,0
25532,821,2,1910,40,59,0.250,15,80,0.750,40,13.300,1750,51,35.700,0,0,2.200,0.700,34,40,100,X139,TVGUIDE,YES,YES,BENTON,UNCOATED,UNCOATED,LINE,YES,MOTTER94,TABLOID,,0
37998,815,2,1910,30,50,0.233,16.100,79,0.625,25,,1400,,,,,2.500,1,,40,106,T233,BESTPROD,NO,,,UNCOATED,COATED,,,WOODHOE70,,,0
23233,821,7,1911,40,40,0.300,14.500,72,0.625,34,,1620,,,,,2.500,1.300,,40,102,X216,GUIDEPOSTS,YES,,,UNCOATED,COATED,,YES,MOTTER94,,,0
34518,821,7,1911,45,36,,14,76,0.625,20,,1700,,,,,2,0.900,,40,100,AA43,KMART,NO,,,UNCOATED,COATED,,NO,MOTTER94,,,0
34014,816,9,1910,40,40,0.300,15.500,75,0.750,25,,1100,,,,,2.500,1,,40,102.941,J29,PENNEY,NO,,,UNCOATED,COATED,,,WOODHOE70,TABLOID,,0
34227,824,9,1910,35,42,0.200,15,78,0.562,40,,1750,,,,,2.300,1,,40,103,X129,WOOLWORTH,NO,,,COATED,COATED,,YES,MOTTER94,TABLOID,,0
36423,815,2,1910,55,51,0.250,16.400,78,0.500,29,,1800,,,,,1.500,1,,40,100,G648,ROSES,NO,,,COATED,COATED,,YES,WOODHOE70,TABLOID,,0
34294,821,2,1910,35,48,0.267,16,72,0.750,20,,1650,,,,,1.500,1.100,,40,83.330,X66,ROSES,NO,,,COATED,COATED,,YES,MOTTER94,TABLOID,,0
34293,816,2,1910,47.500,50,0.200,17,70,0.500,30,,2000,,,,,2.200,0.700,,40,103.225,G38,ROSES,NO,,,COATED,COATED,,YES,WOODHOE70,TABLOID,,0
34156,824,10,1911,40,52,,13.500,85,0.750,30,,1900,,,,,0,0,,40,94.400,X13,TOYSRUS,NO,,,COATED,COATED,,YES,MOTTER94,TABLOID,,0
34453,827,2,1911,47.500,53,0.233,17,80,0.625,20,,1850,,,,,2,1.500,,40,105.700,O5,TARGET,NO,,,UNCOATED,COATED,,YES,MOTTER94,SPIEGEL,,0
34453,816,9,1910,50,56,0.300,15,80,0.188,26,,1950,,,,,2.500,1.500,,40,102.857,R38,TARGET,NO,,,UNCOATED,COATED,,YES,WOODHOE70,SPIEGEL,,0
34763,824,2,1911,55,56,0.300,21,80,0.875,35,,1650,,,,,2.100,0.600,,40,100,X36,CVS,YES,,,UNCOATED,UNCOATED,,,MOTTER94,TABLOID,,0
34763,824,2,1910,55,54,0.300,17.500,82,0.812,28,,1600,,,,,2.500,1,,40,102.940,X196,CVS,YES,,,UNCOATED,UNCOATED,,YES,MOTTER94,TABLOID,,0
34157,824,2,1910,40,57,0.300,16,86,0.812,30,,1700,,,,,2.500,1,,40,102.940,X292,TOYSRUS,NO,,,UNCOATED,UNCOATED,,YES,MOTTER94,TABLOID,,0
34465,816,1,1910,35,56,0.267,15.100,81,0.750,32,,2000,,,,,2.500,1,,40,102.940,R25,TARGET,NO,,,COATED,COATED,,YES,WOODHOE70,SPIEGEL,,0
34527,821,7,1910,50,66,0.300,14.800,80,0.625,30,,1840,,,,,2.500,1,,40,100,AA40,KMART,,,,UNCOATED,COATED,,YES,MOTTER94,SPIEGEL,,0
47304,815,9,1911,50,67,0.300,14.500,86,0.750,22,,1300,,,,,2.500,2,,40,102.770,I347,MODMAT,YES,,,UNCOATED,UNCOATED,,YES,WOODHOE70,CATALOG,,0
36567,816,2,1910,,62,0.333,14.500,84,,23,,1200,,,,,2.500,,,40,103.220,1351,HOMESHOP,,,,COATED,COATED,,NO,ALBERT70,CATALOG,,0
34533,821,2,1910,,63,0.233,15.500,79,0.625,35,,1760,,,,,2.400,1,,40,106.250,AA28,KMART,,,,SUPER,UNCOATED,,YES,MOTTER94,TABLOID,,0
34905,816,9,1910,,67,0.300,15.100,80,0.750,28,,1780,,,,,2.500,1,,40,106.250,F131,HANOVERHOUSE,,,,COATED,COATED,,YES,ALBERT70,CATALOG,,0
34534,821,7,1911,,50,0.333,15.700,82,,30,,1850,,,,,,,,40,103.220,AA58,KMART,,,,SUPER,UNCOATED,,YES,MOTTER94,SPIEGEL,,0
34534,821,7,1911,,60,0.300,15,82,0.500,22,,1800,,,,,2.500,1,,40,96.800,AA45,KMART,,,,SUPER,UNCOATED,,YES,MOTTER94,SPIEGEL,,0
34534,821,7,1911,,60,0.267,14.800,80,0.625,25,,1850,,,,,2.500,1,,40,96.900,AA29,KMART,,,,SUPER,UNCOATED,,YES,MOTTER94,SPIEGEL,,0
34534,821,7,,,56,0.300,14.100,82,0.625,40,,1800,,,,,2.500,0.900,,40,96.900,AA43,KMART,,,,SUPER,UNCOATED,,YES,MOTTER94,SPIEGEL,,0
36568,816,2,1911,,56,0.367,15.100,78,0.500,29,,1320,,,,,2.500,,,40,96.900,I366,HOMESHOPPING,,,,SUPER,UNCOATED,,,ALBERT70,CATALOG,,0
36054,816,2,1911,,47,0.200,15,85,0.500,24,,1470,,,,,1.800,1.700,,40,96.900,T31,BESTPROD,,,,SUPER,UNCOATED,,YES,ALBERT70,CATALOG,,0
24780,821,7,1911,,55,0.367,15.500,76,0.750,30,,1750,,,,,2.500,1.200,,40,96.900,AA067,VENTURE,,,,SUPER,UNCOATED,,YES,MOTTER94,TABLOID,,0
36569,816,2,1910,,53,0.300,14.200,72,1,28,,1600,,,,,2.700,1.500,,40,106.100,I25,HOMESHOP,,,,SUPER,COVER,,YES,ALBERT70,CATALOG,,0
36569,816,2,1910,,39,0.300,15.100,71,0.625,30,,1700,,,,,2.500,1.500,,40,106.100,I400,HOMESHOP,,,,SUPER,COVER,,YES,ALBERT70,CATALOG,,0
47401,816,2,1911,,46,0.300,17,80,0.250,25,,1700,,,,,2.500,1.500,,30,117.700,I305,MODMAT,,,,COATED,COATED,,YES,ALBERT70,CATALOG,,0
35502,815,2,1910,,35,0.300,16.200,88,0.500,28,,1750,,,,,2.300,1,,40,106,R32,TARGET,,,,SUPER,UNCOATED,,YES,ALBERT70,SPIEGEL,,0
35986,802,7,1910,,40,0.333,14.500,70,0.750,60,,1250,,,,,2,1.500,,40,112.500,W368,JFK,,,,COATED,COATED,,YES,WOODHOE70,SPIEGEL,,0
37046,802,7,1911,,39,0.300,16,72,0.750,50,,1350,,,,,2.500,2.200,,40,106.600,T30,COLORFULIMAGE,,,,COATED,COATED,,YES,WOODHOE70,CATALOG,,0
35831,815,2,1911,,40,0.300,16.500,84,0.625,26,,1565,,,,,2.500,1,,40,106.600,M337,BESTPROD,,,,SUPER,COVER,,YES,ALBERT70,CATALOG,,0
85725,821,7,1910,,44,0.200,16.220,74,0.750,30,,2200,,,,,2.800,0.800,,40,106.600,AA56,KMART,,,,SUPER,UNCOATED,,YES,MOTTER94,TABLOID,,0
35661,816,2,1910,,47,0.233,16.500,86,0.250,,,1750,,,,,2.100,2.100,,40,109.600,G433,TOYSRUS,,,,UNCOATED,UNCOATED,,YES,ALBERT70,TABLOID,,0
37392,824,2,1910,,45,0.200,17,84,0.812,27,,1865,,,,,1.500,0.700,,40,109.100,X799,ECKERDS,,,,UNCOATED,UNCOATED,,YES,MOTTER94,TABLOID,,0
47403,816,2,1911,,52,0.200,16,75,0.312,25,,1500,,,,,2.500,0.600,,40,109.100,I46,MODMAT,,,,COATED,COATED,,YES,ALBERT70,CATALOG,,0
85741,816,2,1911,,,0.300,15,80,0.500,30,,2020,,,,,2.900,0.500,,40,110.300,Y209,KMART,,,,UNCOATED,UNCOATED,,,ALBERT70,TABLOID,,0
85750,827,2,1911,,54,0.300,16.500,88,0.750,25,,1850,,,,,3,2,,40,107.140,E302,KMART,,,,SUPER,UNCOATED,,YES,MOTTER94,TABLOID,,0
47405,815,2,1911,,56,0.300,14,91,1.125,27,,1650,,,,,3,1.500,,40,100,I311,MODMAT,,,,COATED,COATED,,YES,ALBERT70,CATALOG,,0
37191,815,2,1911,,50,0.200,16.500,74,0.625,34,,1750,,,,,2.600,1,,40,103.125,T26,TOYSRUS,,,,COATED,COATED,,YES,ALBERT70,CATALOG,,0
35069,816,9,1911,,56,0.200,17,75,0.750,25,,1600,,,,,2,1,,40,103.125,T26,HOMESHOP,,,,COATED,COATED,,YES,ALBERT70,CATALOG,,0
37191,815,9,1910,,55,0.200,17,95,0.625,27,,1600,,,,,2.500,1,,40,106.250,M272,TOYSRUS,,,,COATED,COATED,,YES,ALBERT70,CATALOG,,0
35425,821,7,1911,,54,0.267,15.500,80,0.750,40,,2000,,,,,1.800,1.300,,40,107.140,EE304,JCP,,,,SUPER,UNCOATED,,YES,MOTTER94,TABLOID,,0
71331,824,2,1911,,54,,15.500,78,0.812,30,,2100,,,,,1.200,1,,40,97.050,X255,WALMART,,,,SUPER,UNCOATED,,,MOTTER94,TABLOID,,0
85813,828,2,1910,,53,,17,73,0.750,35,,2100,,,,,2.600,1.300,,40,113.300,AA97,KMART,,,,SUPER,COATED,,YES,MOTTER94,TABLOID,,0
38240,828,2,1911,,,,16,83,,28,,2400,,,,,2.500,1,,40,112.500,E78,ECKERD,,,,UNCOATED,UNCOATED,,NO,MOTTER94,TABLOID,,0
38240,828,9,1911,,60,,14.900,76,1,30,,2500,,,,,0.500,0.500,,40,112.500,E38,ECKERD,,,,UNCOATED,UNCOATED,,YES,MOTTER94,TABLOID,,0
85813,827,2,1910,,56,0.300,18.300,80,1,32,,1900,,,,,,,,40,110,AA7,KMART,,,,SUPER,UNCOATED,,,MOTTER94,TABLOID,,0
85813,827,9,1910,,52,,18,82,1,25,,1880,,,,,1,1,,40,112.500,AA66,KMART,,,,SUPER,UNCOATED,,,MOTTER94,TABLOID,,0
38064,815,1,1910,,,0.200,16.100,76,0.500,34,,2100,,,,,0,0,,40,110,J44,BEST,,,,SUPER,COATED,,YES,ALBERT70,TABLOID,,0
85814,827,2,1910,,,0.300,16.500,70,1,34,,1903,,,,,2.700,2.800,,40,108,AA58,KMART,,,,SUPER,COATED,,,MOTTER94,TABLOID,,0
85814,828,2,1910,,46,0.267,16.400,76,1,34,,1903,,,,,1.500,2.300,,40,108,AA70,KMART,,,,SUPER,UNCOATED,,,MOTTER94,TABLOID,,0
38064,815,1,1910,,46,0.200,14.200,75,0.750,25,,2050,,,,,2.500,1,,40,108.100,J70,BEST,,,,SUPER,UNCOATED,,YES,ALBERT70,TABLOID,,0
